t,x_m,theta,v_m_s,thetadot,u_force,u_pwm
1779187016.5284393,-0.0026953125000000002,-3.14,0.0,0.0,-20.0,-150
1779187016.549629,-0.0069140625,-3.13,-0.40484375,1.106,-17.762508392333984,-150
1779187016.5971444,-0.0618359375,-2.96,-1.2705859375,3.907,-12.207101821899414,-150
1779187016.6500106,-0.1283984375,-2.77,-1.34453125,3.593,-10.934196472167969,-150
1779187016.6995907,-0.1962890625,-2.6,-1.3655859375000001,3.309,-8.281198501586914,-150
1779187016.750705,-0.2644140625,-2.47,-1.3586328125,2.266,-5.635680675506592,-150
1779187016.8008473,-0.3310546875,-2.39,-1.3621875,1.309,20.0,83
1779187016.850426,-0.349140625,-2.47,0.43125,-3.912,-3.7756502628326416,14
1779187016.9029074,-0.33285156250000003,-2.69,0.1040234375,-4.033,-1.4937740564346313,8
1779187016.951881,-0.33203125,-2.89,0.0001171875,-4.192,-0.5247809886932373,9
1779187017.0014284,-0.33203125,-3.11,0.0,-4.48,-6.501518726348877,-75
1779187017.0492914,-0.347109375,3.01,-0.5341796875,-2.52,20.0,150
1779187017.1011615,-0.32656250000000003,2.75,1.09515625,-7.33,14.951303482055664,150
1779187017.1505902,-0.2616796875,2.38,1.343984375,-7.183,13.698766708374023,150
1779187017.1999278,-0.194140625,2.06,1.356640625,-5.925,15.49087142944336,150
1779187017.248338,-0.125703125,1.81,1.372578125,-4.614,20.0,150
1779187017.3002775,-0.0571484375,1.63,1.377421875,-2.979,9.880196571350098,150
1779187017.349042,0.0105078125,1.53,1.3774609375,-1.405,15.666827201843262,150
1779187017.4020188,0.0804296875,1.51,1.3681640625,0.305,4.309541702270508,150
1779187017.4501414,0.148984375,1.57,1.3712109375000001,1.833,-20.0,-82
1779187017.4995148,0.163125,1.71,-0.4705859375,3.496,-19.567644119262695,-150
1779187017.5475147,0.11484375000000001,1.94,-1.2487890625,5.495,-10.984837532043457,-150
1779187017.598395,0.049140625,2.25,-1.36390625,6.835,4.867289066314697,-92
1779187017.6521869,-0.0081640625,2.61,-0.901484375,6.733,20.0,128
1779187017.7014172,-0.0046484375,2.84,0.8298046875,2.422,17.915578842163086,150
1779187017.7506135,0.054179687500000004,2.92,1.3122265625,1.159,11.579699516296387,150
1779187017.80003,0.122109375,2.99,1.3691796875,1.31,4.130122661590576,150
1779187017.852746,0.191015625,3.06,1.3799609375,1.32,8.05627727508545,150
1779187017.9008307,0.259921875,-3.14,1.37734375,1.534,-20.0,-81
1779187017.9499269,0.2758203125,-2.91,-0.4459375,7.167,-16.075653076171875,-150
1779187017.99883,0.2294921875,-2.49,-1.2242578125,8.972,-11.111474990844727,-150
1779187018.0477138,0.1633984375,-2.07,-1.3445703125,8.075,-9.628621101379395,-150
1779187018.0999632,0.0955859375,-1.72,-1.354296875,6.569,-10.094223022460938,-150
1779187018.150458,0.0274609375,-1.44,-1.369140625,4.819,0.6226630210876465,-142
1779187018.1996405,-0.0392578125,-1.24,-1.3049609375,3.424,-0.07155873626470566,-143
1779187018.2487218,-0.1025390625,-1.12,-1.289609375,2.081,0.7402443289756775,-132
1779187018.3017602,-0.16566406250000001,-1.06,-1.207421875,0.683,-3.4051778316497803,-150
1779187018.3516011,-0.22941406250000002,-1.08,-1.3389453125,-1.002,-4.859305381774902,-150
1779187018.4012816,-0.296015625,-1.16,-1.36234375,-2.17,-1.9705984592437744,-150
1779187018.4499612,-0.3644140625,-1.32,-1.37125,-3.734,11.575490951538086,-15
1779187018.4980803,-0.40203125,-1.55,-0.241484375,-4.695,20.0,150
1779187018.551833,-0.3708203125,-1.84,1.1475,-6.593,17.866168975830078,150
1779187018.602295,-0.3043359375,-2.23,1.3759375,-8.326,-16.30083656311035,-39
1779187018.651848,-0.277421875,-2.59,-0.123828125,-5.742,13.01519775390625,123
1779187018.7009406,-0.256953125,-2.97,0.8912890625000001,-9.258,20.0,150
1779187018.7486196,-0.1984765625,2.81,1.3069140625,-10.543,10.455892562866211,150
1779187018.8010888,-0.1305859375,2.3,1.3698046875,-9.884,7.62362813949585,150
1779187018.849612,-0.062265625,1.85,1.3732421875,-8.366,5.273102283477783,150
1779187018.8994625,0.0063671875000000005,1.48,1.3700390625,-6.897,-3.569981813430786,108
1779187018.9481874,0.064453125,1.17,1.009375,-5.597,-12.946463584899902,-36
1779187018.9979444,0.07765625,0.89,-0.15703125,-6.101,-13.878665924072266,-150
1779187019.0507247,0.037890625000000004,0.54,-1.20390625,-7.38,17.42596435546875,68
1779187019.1000857,0.02109375,0.32,0.33453125,-2.298,9.621353149414062,150
1779187019.149108,0.0648046875,0.3,1.2137109375,1.045,1.1435662508010864,147
1779187019.1985786,0.13078125000000002,0.38,1.3411718750000001,1.754,-9.635289192199707,35
1779187019.2474306,0.17109375000000002,0.42,0.4155859375,-0.218,-7.774806022644043,-34
1779187019.3006032,0.1702734375,0.36,-0.17796875,-1.364,-4.005844593048096,-79
1779187019.3496122,0.1499609375,0.28,-0.5708984375,-2.102,-0.8253464698791504,-80
1779187019.3986738,0.11777343750000001,0.17,-0.6520703125,-1.887,0.49412721395492554,-73
1779187019.4478502,0.08703125,0.09,-0.593515625,-1.561,1.3278049230575562,-58
1779187019.4969802,0.061640625000000004,0.03,-0.4521484375,-0.806,0.14283651113510132,-58
1779187019.5497117,0.0398828125,-0.01,-0.4521875,-1.043,2.21770977973938,-34
1779187019.5989296,0.0232421875,-0.04,-0.241015625,-0.265,0.8162732720375061,-29
1779187019.648258,0.013515625,-0.05,-0.16816406250000002,-0.046,0.49551740288734436,-26
1779187019.6976423,0.005546875,-0.06,-0.1613671875,-0.105,1.0286487340927124,-19
1779187019.7468295,-0.0001953125,-0.07,-0.1019921875,-0.043,1.4875448942184448,-8
1779187019.7996294,-0.0015625,-0.06,-0.000234375,0.055,1.6188191175460815,3
1779187019.8491428,-0.0014453125,-0.06,0.0001953125,0.054,1.630981683731079,34
1779187019.8983433,0.0041796875,-0.04,0.183671875,0.502,0.5538803935050964,40
1779187019.947644,0.015859375000000002,-0.01,0.2512890625,0.542,0.3072764575481415,43
1779187019.9966784,0.0293359375,0.02,0.28171875,0.65,-0.6520405411720276,35
1779187020.0494561,0.04125,0.06,0.2082421875,0.524,-1.7723519802093506,15
1779187020.0989985,0.0471875,0.07,0.0516796875,0.317,-2.4196994304656982,-8
1779187020.1479745,0.04640625,0.07,-0.0291015625,-0.001,-1.5539231300354004,-36
1779187020.1974463,0.0393359375,0.06,-0.225703125,-0.534,-0.5068272352218628,-43
1779187020.2501507,0.0262890625,0.03,-0.2739453125,-0.542,-0.2524099051952362,-45
1779187020.2995648,0.0115234375,0.0,-0.30625,-0.642,0.6079504489898682,-38
1779187020.3488336,-0.0027734375,-0.03,-0.271640625,-0.495,0.839391827583313,-32
1779187020.3980594,-0.013046875,-0.05,-0.179140625,-0.313,1.224189043045044,-19
1779187020.4471638,-0.018671875,-0.05,-0.0705078125,-0.003,0.5391366481781006,-16
1779187020.4999557,-0.021875000000000002,-0.06,-0.0481640625,-0.129,1.6787885427474976,-1
1779187020.5491352,-0.0224609375,-0.05,-3.90625e-05,0.082,0.704011082649231,-7
1779187020.5987337,-0.0225,-0.05,0.0,-0.178,2.0788562297821045,24
1779187020.647866,-0.018789062500000002,-0.05,0.1069921875,0.183,1.3068541288375854,41
1779187020.6970618,-0.0083984375,-0.02,0.2531640625,0.636,-0.38657689094543457,35
1779187020.74984,0.0034375,0.01,0.218125,0.576,-1.1315970420837402,23
1779187020.799226,0.0107421875,0.02,0.1090234375,0.046,0.4272436797618866,31
1779187020.848437,0.018125,0.03,0.16957031250000001,0.34,-0.6991243958473206,24
1779187020.8976936,0.024804687500000002,0.05,0.115234375,0.318,-1.626085877418518,8
1779187020.9468498,0.026796875,0.05,0.00375,-0.028,-0.8585385680198669,6
1779187021.000722,0.0268359375,0.05,0.0,-0.0,-1.0416423082351685,-12
1779187021.0490832,0.025937500000000002,0.04,-0.011953125,-0.002,-0.8434016704559326,-26
1779187021.0982652,0.0227734375,0.04,-0.118984375,-0.278,-0.512320339679718,-33
1779187021.1477044,0.0146484375,0.02,-0.18359375,-0.405,-0.008908121846616268,-33
1779187021.1964824,0.00453125,0.0,-0.2070703125,-0.584,1.1304343938827515,-22
1779187021.2495778,-0.00296875,-0.01,-0.1071875,-0.21,0.3082984983921051,-22
1779187021.2988393,-0.006640625,-0.01,-0.06765625,-0.0,-0.49114349484443665,-27
1779187021.3482063,-0.01140625,-0.01,-0.1233203125,-0.106,-0.5940241813659668,-34
1779187021.397262,-0.0194921875,-0.03,-0.1852734375,-0.395,0.8047618865966797,-24
1779187021.446604,-0.0269921875,-0.04,-0.118828125,-0.17,0.4359622299671173,-22
1779187021.4997265,-0.031718750000000004,-0.05,-0.092421875,-0.141,0.769873321056366,-15
1779187021.5492127,-0.0345703125,-0.06,-0.0257421875,-0.081,1.374526023864746,-2
1779187021.59814,-0.0345703125,-0.06,7.8125e-05,-0.059,1.5120978355407715,33
1779187021.6474037,-0.028125,-0.05,0.199296875,0.487,0.4114879369735718,39
1779187021.7001662,-0.016015625,-0.02,0.2439453125,0.519,-0.024938559159636497,39
1779187021.7496023,-0.003515625,0.01,0.253671875,0.645,-1.2942837476730347,25
1779187021.7985914,0.005546875,0.02,0.1294921875,0.212,-0.36686527729034424,24
1779187021.848174,0.011015625,0.03,0.09953125,0.096,-0.2571241557598114,22
1779187021.897027,0.01640625,0.04,0.110234375,0.191,-0.8619094491004944,16
1779187021.9500883,0.019453125,0.04,0.046992187500000004,0.003,-0.42896273732185364,15
1779187021.9994714,0.020585937500000002,0.04,0.0090625,-0.0,-0.7622411251068115,7
1779187022.048962,0.020742187500000002,0.04,0.0,0.143,-1.603011131286621,-18
1779187022.0978754,0.0180859375,0.03,-0.070390625,-0.26,0.09386798739433289,-21
1779187022.1470518,0.01390625,0.03,-0.078515625,-0.203,-0.3757651448249817,-27
1779187022.2000976,0.0080078125,0.02,-0.1485546875,-0.298,-0.3709852397441864,-34
1779187022.249318,-0.00125,-0.0,-0.21156250000000001,-0.446,0.23352473974227905,-33
1779187022.2984192,-0.0105859375,-0.03,-0.1712890625,-0.436,1.350745677947998,-16
1779187022.3478367,-0.015546875,-0.03,-0.0455859375,0.035,0.0009212346631102264,-20
1779187022.3969133,-0.0185546875,-0.04,-0.0670703125,-0.078,0.6456785202026367,-14
1779187022.4500275,-0.02125,-0.04,-0.034609375,-0.027,0.6388434767723083,-11
1779187022.4993472,-0.0219140625,-0.05,-0.0043359375,-0.02,1.209743857383728,-2
1779187022.548499,-0.021953125,-0.05,0.0,-0.13,1.833975076675415,21
1779187022.5976858,-0.01890625,-0.05,0.0825390625,0.198,0.9817191362380981,35
1779187022.646904,-0.0108203125,-0.04,0.2055859375,0.538,0.2543802857398987,38
1779187022.6996264,0.0008203125,-0.01,0.24125,0.558,-0.21612496674060822,36
1779187022.7491026,0.011757812500000001,0.0,0.2146875,0.402,0.2670503556728363,39
1779187022.798326,0.0236328125,0.02,0.2413671875,0.352,0.4332878887653351,44
1779187022.8474765,0.037265625000000004,0.05,0.2855078125,0.603,-1.1785205602645874,29
1779187022.9004345,0.0478515625,0.08,0.1684375,0.412,-2.0905914306640625,8
1779187022.949538,0.05109375,0.08,0.0018359375000000001,-0.178,-0.5438132882118225,9
1779187022.998992,0.05109375,0.08,0.0,0.016,-1.585777759552002,-18
1779187023.0481963,0.0482421875,0.08,-0.0750390625,-0.019,-2.1993823051452637,-48
1779187023.0974982,0.0369921875,0.05,-0.3196484375,-0.777,0.1203995794057846,-45
1779187023.1501365,0.021484375,0.02,-0.3020703125,-0.647,0.24369481205940247,-42
1779187023.1997187,0.0067578125,-0.01,-0.2910546875,-0.532,0.39668726921081543,-39
1779187023.2489243,-0.00703125,-0.04,-0.24113281250000002,-0.4,0.8736371397972107,-29
1779187023.298087,-0.0165234375,-0.06,-0.158203125,-0.226,1.2238901853561401,-17
1779187023.346838,-0.021640625,-0.06,-0.067265625,-0.008,0.8599916100502014,-12
1779187023.4001195,-0.02375,-0.06,-0.038554687500000004,-0.0,1.0546057224273682,-7
1779187023.4495218,-0.023984375000000002,-0.07,0.0,-0.117,2.376499652862549,27
1779187023.4987025,-0.0197265625,-0.06,0.1371484375,0.435,0.5778110027313232,35
1779187023.547901,-0.010625,-0.04,0.2089453125,0.407,0.9912777543067932,47
1779187023.5968406,0.0030859375,-0.01,0.310234375,0.636,0.11528343707323074,47
1779187023.6499097,0.0192578125,0.03,0.3300390625,0.712,-1.049206256866455,35
1779187023.69932,0.0322265625,0.06,0.219765625,0.509,-1.773419976234436,16
1779187023.7485743,0.0383984375,0.08,0.0481640625,0.011,-1.359108805656433,4
1779187023.7973266,0.03890625,0.08,3.90625e-05,-0.001,-1.7551052570343018,-5
1779187023.847017,0.038828125,0.08,-3.90625e-05,0.227,-2.9723877906799316,-50
1779187023.899823,0.0282421875,0.06,-0.3183984375,-0.825,-0.1255643665790558,-48
1779187023.949267,0.011835937500000001,0.02,-0.33625,-0.662,-0.2338639348745346,-51
1779187023.9985335,-0.0064843750000000006,-0.02,-0.3603125,-0.687,0.5602046847343445,-44
1779187024.0476503,-0.0221875,-0.06,-0.30734375,-0.565,1.4195724725723267,-29
1779187024.1006434,-0.0333984375,-0.08,-0.16593750000000002,-0.392,2.316793203353882,-5
1779187024.1498346,-0.036328125,-0.09,-0.0009375,0.018,2.038982391357422,8
1779187024.1991124,-0.0358984375,-0.09,0.0111328125,0.0,2.261789083480835,42
1779187024.248345,-0.02765625,-0.07,0.26796875000000003,0.509,1.648279070854187,60
1779187024.2971973,-0.0086328125,-0.03,0.431875,1.173,-1.1339588165283203,44
1779187024.3468387,0.0090234375,0.01,0.308046875,0.45,0.5959819555282593,52
1779187024.3996272,0.0265625,0.05,0.3613671875,0.979,-2.6517364978790283,20
1779187024.4491491,0.0374609375,0.07,0.10609375,0.182,-1.3832494020462036,10
1779187024.498147,0.0389453125,0.07,0.002890625,-0.027,-1.2635082006454468,1
1779187024.5472782,0.0389453125,0.07,0.0,-0.0,-1.4335198402404785,-17
1779187024.6001353,0.036640625,0.06,-0.07515625000000001,-0.11,-1.3159615993499756,-38
1779187024.6517358,0.029140625,0.05,-0.20750000000000002,-0.461,-0.6075642108917236,-42
1779187024.699731,0.01671875,0.02,-0.2684375,-0.67,0.5943554639816284,-35
1779187024.7480617,0.004375,-0.0,-0.235078125,-0.406,-0.09234100580215454,-39
1779187024.7970471,-0.0076953125,-0.03,-0.2394921875,-0.456,0.8454458713531494,-29
1779187024.8499935,-0.016835937500000002,-0.05,-0.15742187500000002,-0.186,0.6855275630950928,-23
1779187024.8995006,-0.0235546875,-0.06,-0.11812500000000001,-0.393,2.347151279449463,0
1779187024.948649,-0.025078125,-0.06,3.90625e-05,0.009,1.3572299480438232,31
1779187024.9979184,-0.0193359375,-0.04,0.1723046875,0.612,-0.646136999130249,25
1779187025.046739,-0.0120703125,-0.02,0.1330859375,0.453,-0.6860338449478149,20
1779187025.099869,-0.0071875,-0.01,0.0837109375,0.169,0.10396956652402878,25
1779187025.1493468,-0.0018359375000000001,-0.0,0.1140234375,0.192,0.07439380884170532,27
1779187025.198667,0.00421875,0.01,0.1283984375,0.196,0.0032046714331954718,28
1779187025.247741,0.010703125,0.02,0.1373828125,0.42,-1.273409128189087,14
1779187025.296629,0.0145703125,0.03,0.04046875,0.003,-0.2738701105117798,16
1779187025.3496294,0.01703125,0.03,0.0399609375,0.063,-0.5419375896453857,13
1779187025.3997307,0.0177734375,0.03,0.0096484375,-0.002,-0.48235195875167847,11
1779187025.44972,0.0178515625,0.03,0.00125,-0.001,-0.568541944026947,9
1779187025.4974787,0.0178515625,0.03,0.0,-0.0,-0.5860931873321533,-7
1779187025.5465686,0.0172265625,0.03,-0.0131640625,-0.09,-0.25568118691444397,-19
1779187025.6000788,0.014609375,0.02,-0.053046875,-0.038,-0.6549519896507263,-28
1779187025.6507256,0.0090234375,0.01,-0.14953125,-0.259,-0.24077358841896057,-33
1779187025.6997344,7.8125e-05,-0.01,-0.200859375,-0.536,1.1667866706848145,-21
1779187025.747488,-0.0062109375,-0.02,-0.0671484375,-0.056,0.14588306844234467,-20
1779187025.8002708,-0.008984375000000001,-0.02,-0.048007812500000004,-0.004,0.000737914233468473,-20
1779187025.8496606,-0.0123046875,-0.03,-0.0644921875,-0.063,0.40191325545310974,-17
1779187025.898745,-0.0149609375,-0.04,-0.028515625,-0.052,0.9651722311973572,-7
1779187025.948176,-0.015390625,-0.04,-3.90625e-05,-0.001,0.9677340984344482,-4
1779187025.997208,-0.015390625,-0.04,0.0,-0.215,2.1083762645721436,24
1779187026.050328,-0.0110546875,-0.03,0.11714843750000001,0.302,0.2966844439506531,30
1779187026.0996027,-0.0037890625,-0.02,0.170625,0.289,0.7340484857559204,40
1779187026.1488624,0.0065625,0.0,0.2351171875,0.606,-0.7307389974594116,30
1779187026.1979358,0.016796875,0.03,0.189609375,0.512,-1.4370169639587402,17
1779187026.2468495,0.021484375,0.03,0.0484375,0.003,-0.04469726234674454,19
1779187026.2960737,0.024453125,0.04,0.0636328125,0.128,-0.8159904479980469,12
1779187026.3492756,0.02640625,0.04,0.023515625000000002,0.0,-0.4949951767921448,12
1779187026.3987346,0.026601562500000002,0.04,3.90625e-05,-0.157,0.10750703513622284,16
1779187026.4478402,0.027109375,0.04,0.013710937500000001,0.017,-0.66595458984375,9
1779187026.4969747,0.027265625,0.04,0.0,0.036,-0.8972378969192505,-10
1779187026.5500975,0.0262890625,0.05,-0.0182421875,0.06,-1.5494312047958374,-35
1779187026.600731,0.0210546875,0.04,-0.1834765625,-0.31,-1.0217301845550537,-45
1779187026.6507359,0.008515625,0.01,-0.289375,-0.731,0.8555452823638916,-34
1779187026.6975744,-0.004375,-0.01,-0.2229296875,-0.529,0.8165408372879028,-28
1779187026.750848,-0.0122265625,-0.02,-0.1389453125,-0.097,-0.49239057302474976,-34
1779187026.7998402,-0.020625,-0.04,-0.1946875,-0.413,1.1086820363998413,-21
1779187026.8493075,-0.0275390625,-0.05,-0.092890625,-0.229,1.3188118934631348,-9
1779187026.89844,-0.0284375,-0.05,-0.0001171875,0.076,0.6066151261329651,-8
1779187026.9474878,-0.0284375,-0.05,0.0,0.002,0.9968364834785461,12
1779187027.0004613,-0.026328125,-0.05,0.0525,0.038,1.369552731513977,36
1779187027.0499847,-0.0194140625,-0.03,0.203359375,0.426,0.31427380442619324,39
1779187027.0991929,-0.008046875,-0.01,0.2365625,0.455,0.09062501788139343,39
1779187027.1480558,0.0043359375,0.02,0.2467578125,0.626,-1.4177204370498657,23
1779187027.1975796,0.0122265625,0.04,0.1134765625,0.117,-0.5295353531837463,20
1779187027.2505305,0.017421875,0.05,0.08328125,0.079,-0.8409773707389832,14
1779187027.2997222,0.01984375,0.05,0.0305859375,0.124,-1.5438333749771118,0
1779187027.3488433,0.02,0.05,0.00015625,-0.001,-1.1814073324203491,2
1779187027.398072,0.02,0.05,0.0,0.05,-1.4519052505493164,-17
1779187027.4479294,0.0179296875,0.1,-0.05859375,2.045,-16.34257698059082,-150
1779187027.500362,-0.0197265625,0.13,-1.178671875,-0.743,-13.238101959228516,-150
1779187027.5517344,-0.0851953125,0.06,-1.3434765625,-1.155,-11.617215156555176,-150
1779187027.6,-0.152578125,0.0,-1.3571484375,-1.184,-9.7119722366333,-150
1779187027.64929,-0.22078125,-0.06,-1.3669140625,-1.403,-7.156510353088379,-150
1779187027.6997209,-0.2874609375,-0.13,-1.36078125,-1.343,-2.8538315296173096,-150
1779187027.7517266,-0.356875,-0.21,-1.3666796875,-1.652,4.878498554229736,-92
1779187027.800933,-0.41335937500000003,-0.28,-0.89875,-0.632,8.232925415039062,-8
1779187027.8509624,-0.433515625,-0.25,-0.06441406250000001,1.397,5.239823818206787,39
1779187027.9009774,-0.433515625,-0.18,0.0,1.345,4.822565078735352,56
1779187027.949698,-0.433515625,-0.12,0.0,0.995,4.811694622039795,56
1779187028.0025518,-0.433515625,-0.08,0.0,0.691,4.805808067321777,55
1779187028.0516262,-0.433515625,-0.03,0.0,0.808,4.797407150268555,55
1779187028.101038,-0.433515625,0.0,0.0,0.694,4.79404878616333,55
1779187028.1501002,-0.433515625,0.04,0.0,0.813,4.790829181671143,55
1779187028.1995835,-0.433515625,0.08,0.0,0.85,4.789318084716797,55
1779187028.2523267,-0.433515625,0.13,0.0,0.998,4.790658473968506,55
1779187028.3016741,-0.433515625,0.19,0.0,1.197,4.798972129821777,55
1779187028.350911,-0.433515625,0.25,0.0,1.571,8.814350128173828,102
1779187028.4000564,-0.433515625,0.35,0.0,2.039,20.0,150
1779187028.4529326,-0.433515625,0.46,0.0,2.429,4.889586925506592,56
1779187028.502303,-0.433515625,0.61,0.0,3.269,15.335770606994629,150
1779187028.5514824,-0.433515625,0.8,0.0,4.178,9.70158863067627,112
1779187028.599734,-0.433515625,1.05,0.0,5.515,9.643312454223633,111
1779187028.648735,-0.433515625,1.36,0.0,6.715,7.636055946350098,88
1779187028.7031777,-0.433515625,1.74,0.0,8.124,5.601625919342041,65
1779187028.7523663,-0.433515625,2.18,0.0,9.512,13.84786605834961,150
1779187028.8016186,-0.433515625,2.69,0.0,10.615,20.0,150
1779187028.8495355,-0.433515625,-3.04,0.0,10.979,7.269867897033691,84
1779187028.8986168,-0.433515625,-2.52,0.0,10.395,4.619686126708984,53
1779187028.9516695,-0.433515625,-2.04,0.0,9.046,4.790006637573242,55
1779187029.0007024,-0.433515625,-1.63,0.0,7.387,4.966773509979248,57
1779187029.0494726,-0.433515625,-1.31,0.0,6.046,6.426307678222656,74
1779187029.0985546,-0.433515625,-1.06,0.0,4.521,12.103127479553223,140
1779187029.1474452,-0.433515625,-0.88,0.0,3.112,14.46587085723877,150
1779187029.2000098,-0.433515625,-0.75,0.0,2.036,15.098889350891113,150
1779187029.250326,-0.433515625,-0.69,0.0,0.998,12.84708309173584,148
1779187029.2993522,-0.433515625,-0.67,0.0,-0.182,13.888432502746582,150
1779187029.3491683,-0.433515625,-0.71,0.0,-1.014,18.571422576904297,150
1779187029.3995528,-0.433515625,-0.79,0.0,-2.039,10.78750228881836,124
1779187029.4521434,-0.433515625,-0.92,0.0,-3.148,20.0,150
1779187029.501484,-0.433515625,-1.12,0.0,-4.476,5.128140926361084,59
1779187029.548959,-0.433515625,-1.39,0.0,-5.995,20.0,150
1779187029.6000752,-0.433515625,-1.73,0.0,-7.533,20.0,150
1779187029.6536703,-0.433515625,-2.14,0.0,-8.888,8.580073356628418,99
1779187029.70284,-0.433515625,-2.62,0.0,-9.747,4.59454345703125,53
1779187029.7518587,-0.433515625,-3.12,0.0,-10.376,5.023647308349609,58
1779187029.7998962,-0.433515625,2.66,0.0,-9.802,11.764022827148438,136
1779187029.8485239,-0.433515625,2.19,0.0,-8.889,12.129133224487305,140
1779187029.9006774,-0.433515625,1.8,0.0,-7.457,14.922147750854492,150
1779187029.9517214,-0.433515625,1.48,0.0,-5.748,7.088473320007324,82
1779187030.0007026,-0.433515625,1.24,0.0,-4.251,10.749903678894043,124
1779187030.0505672,-0.433515625,1.07,0.0,-2.734,5.068795680999756,58
1779187030.0998766,-0.433515625,0.97,0.0,-1.377,4.943828105926514,57
