controller,run,seed,cum_reward,steps,tripped,stabilized_at_s,max_abs_force
mpc,mpc_full,None,3698.5660,1000,0,2.860,19.450
full,10_full_cos_bonus_spin3_s0,0,3879.6351,1000,0,2.420,20.000
full,10_full_cos_bonus_spin3_s1,1,3876.9956,1000,0,2.360,20.000
full,10_full_cos_bonus_spin3_s2,2,3844.2783,1000,0,2.450,20.000
full,10_full_cos_bonus_spin3_s3,3,3921.3093,1000,0,2.190,20.000
full,10_full_cos_bonus_spin3_s4,4,3913.6627,1000,0,2.200,20.000
full,11_full_cos_bonus_only_theta_s0,0,3162.2989,1000,0,4.580,20.000
full,11_full_cos_bonus_only_theta_s1,1,3918.1263,1000,0,2.200,20.000
full,11_full_cos_bonus_only_theta_s2,2,3892.6050,1000,0,2.280,20.000
full,11_full_cos_bonus_only_theta_s3,3,3806.8093,1000,0,2.590,20.000
full,11_full_cos_bonus_only_theta_s4,4,3862.8786,1000,0,2.350,20.000
du0,8_du0_cos_bonus_spin3_s0,0,3813.1065,1000,0,2.620,19.484
du0,8_du0_cos_bonus_spin3_s1,1,3796.2046,1000,0,2.560,19.461
du0,8_du0_cos_bonus_spin3_s2,2,3742.8124,1000,0,2.370,19.427
du0,8_du0_cos_bonus_spin3_s3,3,3847.7561,1000,0,2.410,19.423
du0,8_du0_cos_bonus_spin3_s4,4,3859.1811,1000,0,2.370,19.454
du0,9_du0_cos_bonus_only_theta_s0,0,3009.3046,1000,0,5.080,20.000
du0,9_du0_cos_bonus_only_theta_s1,1,3778.8474,1000,0,2.390,19.447
du0,9_du0_cos_bonus_only_theta_s2,2,3866.4059,1000,0,2.330,19.424
du0,9_du0_cos_bonus_only_theta_s3,3,3842.9987,1000,0,2.390,19.423
du0,9_du0_cos_bonus_only_theta_s4,4,3843.2587,1000,0,2.420,19.452
