t,x_m,theta,v_m_s,thetadot,u_pwm
1764425655.0644708,-0.0003125,0.02,0.0,-0.601,19
1764425655.0854483,-7.8125e-05,-0.02,0.021484375,0.002,25
1764425655.0964484,0.0005078125,-0.02,0.0503125,0.231,21
1764425655.105868,0.00125,-0.02,0.06921875,0.211,26
1764425655.1154473,0.00171875,-0.01,0.081484375,0.259,23
1764425655.1248703,0.003359375,-0.01,0.1078515625,0.301,27
1764425655.1365232,0.0046484375,-0.0,0.12265625000000001,0.382,24
1764425655.1484473,0.0052734375,-0.0,0.123828125,0.344,26
1764425655.1578662,0.0073046875,0.0,0.1336328125,0.35,28
1764425655.169867,0.0085546875,0.01,0.1251953125,0.471,19
1764425655.1808677,0.0110546875,0.01,0.126484375,0.317,26
1764425655.1904495,0.01203125,0.02,0.1019140625,0.309,19
1764425655.199869,0.0125,0.02,0.0978515625,0.308,18
1764425655.2118757,0.013984375,0.02,0.0962109375,0.307,18
1764425655.2214549,0.0147265625,0.03,0.07875,0.307,12
1764425655.2314487,0.0153125,0.03,0.06265625,0.153,15
1764425655.24446,0.015703125000000002,0.03,0.0430078125,0.115,13
1764425655.2574468,0.01609375,0.03,0.0400390625,0.182,10
1764425655.268447,0.016484375,0.03,0.039296875,0.199,9
1764425655.2778702,0.016640625,0.03,0.0352734375,0.099,13
1764425655.28747,0.016796875,0.03,0.01859375,0.025,13
1764425655.300516,0.016835937500000002,0.03,0.0066015625,0.006,11
1764425655.3104584,0.016953125,0.03,0.00703125,-0.009,12
1764425655.3214505,0.016953125,0.03,0.0017578125,-0.079,14
1764425655.330885,0.016992187500000002,0.03,0.0043359375,-0.02,12
1764425655.3434625,0.0170703125,0.03,0.008906250000000001,-0.082,15
1764425655.3528864,0.017109375,0.03,0.0041796875,-0.097,15
1764425655.3624759,0.0171875,0.02,0.0069140625,-0.178,22
1764425655.3718996,0.01734375,0.02,0.0134375,-0.121,21
1764425655.3844752,0.0176171875,0.02,0.026796875,-0.26,29
1764425655.394889,0.018046875,0.02,0.039921875,-0.218,30
1764425655.4044654,0.0187109375,0.02,0.0626953125,-0.055,28
1764425655.4138882,0.019765625000000002,0.02,0.0976953125,-0.014,33
1764425655.42647,0.02109375,0.02,0.1240234375,0.15,31
1764425655.4384634,0.0225,0.02,0.1384375,0.191,33
1764425655.4479167,0.02421875,0.02,0.16546875,0.201,38
1764425655.457465,0.025078125,0.02,0.168671875,0.254,37
1764425655.468497,0.0278515625,0.03,0.1861328125,0.262,37
1764425655.4799128,0.0298046875,0.03,0.19496093750000001,0.296,38
1764425655.489467,0.0318359375,0.03,0.20109375000000002,0.304,39
1764425655.5024672,0.0361328125,0.04,0.215703125,0.383,37
1764425655.5144668,0.0384765625,0.05,0.22968750000000002,0.403,36
1764425655.523892,0.0396875,0.05,0.2359375,0.508,33
1764425655.5334682,0.0420703125,0.05,0.234765625,0.511,33
1764425655.5459292,0.0444921875,0.06,0.2383984375,0.434,35
1764425655.5558903,0.046875,0.06,0.235390625,0.569,29
1764425655.5654676,0.050234375,0.07,0.2247265625,0.531,26
1764425655.5748928,0.05234375,0.08,0.214375,0.516,22
1764425655.5858915,0.0542578125,0.08,0.196171875,0.436,23
1764425655.596468,0.0558984375,0.09,0.17015625,0.569,9
1764425655.6059017,0.05734375,0.09,0.1499609375,0.372,14
1764425655.615523,0.0584765625,0.09,0.117578125,0.323,10
1764425655.6284664,0.059062500000000004,0.1,0.07234375,0.311,-1
1764425655.6384544,0.059296875,0.1,0.059609375,0.155,3
1764425655.6484988,0.059765625,0.1,0.031875,0.096,1
1764425655.6578689,0.059765625,0.1,0.00796875,-0.053,2
1764425655.6674519,0.0598046875,0.09,0.0039453125,-0.243,12
1764425655.676877,0.0598046875,0.09,0.0009765625,-0.138,7
1764425655.6864505,0.05984375,0.09,0.004140625,-0.188,10
1764425655.6988802,0.0599609375,0.08,0.0022265625000000002,-0.299,17
1764425655.7108905,0.060039062500000004,0.08,0.0064062500000000005,-0.152,12
1764425655.720466,0.0602734375,0.08,0.0211328125,-0.115,13
1764425655.7314546,0.0605078125,0.08,0.020898437500000002,-0.105,13
1764425655.743881,0.060664062500000004,0.08,0.016953125,-0.18,15
1764425655.7544513,0.06078125,0.08,0.01203125,-0.122,12
1764425655.7638745,0.0608203125,0.08,0.009921875,-0.061,9
1764425655.774909,0.060976562500000005,0.07,0.0090625,-0.199,18
1764425655.78747,0.0609375,0.07,-0.001640625,-0.05,-21
1764425655.7984684,0.061015625000000004,0.07,0.0073828125000000005,-0.089,13
1764425655.807891,0.0611328125,0.07,0.0096484375,-0.176,17
1764425655.8174686,0.060546875,0.07,-0.044453125,-0.274,-20
1764425655.8294513,0.0605859375,0.06,-0.0052734375,-0.145,-15
1764425655.838462,0.0605078125,0.06,-0.0201953125,-0.248,-14
1764425655.8504527,0.059453125,0.06,-0.0640625,-0.299,-20
1764425655.8598807,0.058828125,0.05,-0.062890625,-0.305,-17
1764425655.8704562,0.058046875,0.05,-0.07625,-0.46,-13
1764425655.8814685,0.0571875,0.04,-0.083515625,-0.498,-10
1764425655.8934684,0.056445312500000004,0.04,-0.0736328125,-0.508,-8
1764425655.9028912,0.05609375,0.04,-0.0437890625,-0.357,-8
1764425655.9128878,0.056015625,0.03,-0.016796875,-0.473,5
1764425655.9224696,0.056015625,0.03,-0.00421875,-0.348,2
1764425655.9318953,0.05609375,0.03,0.0067578125,-0.317,34
1764425655.9414687,0.05609375,0.02,0.0016796875,-0.309,35
1764425655.9514687,0.056757812500000004,0.02,0.0570703125,-0.307,47
1764425655.96147,0.058359375,0.02,0.1373046875,-0.0,50
1764425655.9714708,0.060703125000000004,0.03,0.2159765625,0.383,46
1764425655.9824708,0.06359375,0.03,0.27468750000000003,0.479,55
1764425655.9918892,0.06671875000000001,0.04,0.303046875,0.58,54
1764425656.0024703,0.0700390625,0.04,0.327734375,0.759,51
1764425656.012472,0.07355468750000001,0.05,0.3455859375,0.65,59
1764425656.0224702,0.0771875,0.06,0.357890625,0.853,48
1764425656.0324697,0.0809765625,0.07,0.3765625,0.827,52
1764425656.0424697,0.08484375,0.08,0.38320312500000003,0.897,47
1764425656.0524688,0.088671875,0.09,0.3829296875,0.915,44
1764425656.0624695,0.09238281250000001,0.09,0.3711328125,0.766,50
1764425656.0724685,0.094140625,0.1,0.361328125,0.843,41
1764425656.081892,0.0993359375,0.11,0.3459375,0.911,32
1764425656.0918896,0.1026953125,0.12,0.336484375,0.918,28
1764425656.1014712,0.1055859375,0.13,0.29703125,0.843,20
1764425656.1108909,0.10800781250000001,0.13,0.2519921875,0.671,20
1764425656.1208925,0.1089453125,0.14,0.2197265625,0.642,12
1764425656.1304722,0.11093750000000001,0.14,0.13390625,0.387,6
1764425656.140891,0.1113671875,0.15,0.109921875,0.347,0
1764425656.1504717,0.111796875,0.15,0.030351562500000002,0.043,-2
1764425656.15989,0.1117578125,0.15,0.01125,0.022,-5
1764425656.1698883,0.1117578125,0.14,0.00140625,-0.074,1
1764425656.1819148,0.11171875,0.14,-0.0016015625000000001,-0.095,-30
1764425656.1914704,0.1117578125,0.14,0.0015625,-0.254,8
1764425656.200894,0.1112109375,0.14,-0.046484375,-0.294,-30
1764425656.2108939,0.1108984375,0.13,-0.02921875,-0.15,-30
1764425656.2204726,0.11066406250000001,0.13,-0.038046875,-0.228,-28
1764425656.2314591,0.1088671875,0.12,-0.118046875,-0.565,-27
1764425656.2408955,0.107265625,0.12,-0.15058593750000002,-0.602,-32
1764425656.251889,0.1056640625,0.11,-0.156796875,-0.611,-30
1764425656.261455,0.103984375,0.1,-0.1661328125,-0.766,-22
1764425656.272456,0.102265625,0.1,-0.1684765625,-0.652,-28
1764425656.281884,0.10082031250000001,0.09,-0.14953125,-0.623,-23
1764425656.2914588,0.0993359375,0.09,-0.1506640625,-0.616,-24
1764425656.3008804,0.09859375000000001,0.08,-0.1495703125,-0.615,-21
1764425656.3104577,0.0965625,0.08,-0.1378515625,-0.575,-21
1764425656.3218813,0.0953515625,0.07,-0.12234375,-0.527,-17
1764425656.331459,0.094296875,0.07,-0.10871093750000001,-0.515,-15
1764425656.3414564,0.09328125,0.06,-0.10140625,-0.359,-17
1764425656.3508832,0.092578125,0.06,-0.07808593750000001,-0.32,-15
1764425656.3618882,0.0919921875,0.06,-0.064453125,-0.31,-12
1764425656.3714561,0.091328125,0.05,-0.064921875,-0.308,-10
1764425656.3808837,0.0907421875,0.05,-0.05921875,-0.307,-9
1764425656.3914557,0.090234375,0.05,-0.051914062500000004,-0.307,-7
1764425656.4008949,0.089921875,0.05,-0.034453125,-0.153,-11
1764425656.4124725,0.08984375,0.04,-0.0125390625,-0.192,-1
1764425656.4219127,0.08980468750000001,0.04,-0.01015625,-0.096,-5
1764425656.4318864,0.08980468750000001,0.04,-0.0012890625,-0.012,-7
1764425656.4414616,0.08980468750000001,0.04,-0.0003125,-0.08,-4
1764425656.4508932,0.08980468750000001,0.04,-7.8125e-05,-0.02,-7
1764425656.4614727,0.08980468750000001,0.04,-3.90625e-05,-0.158,0
1764425656.471474,0.08980468750000001,0.04,0.0,-0.04,9
1764425656.4814737,0.08984375,0.04,0.001953125,-0.01,24
1764425656.490894,0.0899609375,0.04,0.00828125,-0.002,25
1764425656.5018942,0.09046875,0.04,0.0430859375,0.153,25
1764425656.5114746,0.0913671875,0.05,0.079140625,0.268,24
1764425656.5224936,0.0925,0.05,0.10570312500000001,0.22,32
1764425656.5324829,0.0937890625,0.05,0.1241015625,0.285,33
1764425656.5419037,0.0953515625,0.06,0.15015625,0.378,32
1764425656.5514846,0.0971875,0.06,0.1762109375,0.555,29
1764425656.5614822,0.099140625,0.07,0.18859375,0.522,31
1764425656.5714855,0.1010546875,0.07,0.1897265625,0.591,28
1764425656.5814724,0.10285156250000001,0.08,0.1821875,0.531,27
1764425656.5924742,0.1046875,0.08,0.18226562500000001,0.44,31
1764425656.601896,0.105546875,0.08,0.1770703125,0.527,26
1764425656.6114748,0.1080859375,0.09,0.1705859375,0.411,28
1764425656.620894,0.10960937500000001,0.1,0.1559375,0.486,19
1764425656.630475,0.1110546875,0.1,0.14640625000000002,0.505,16
1764425656.6408942,0.1121875,0.1,0.1186328125,0.356,17
1764425656.6504734,0.11296875,0.1,0.0862890625,0.242,16
1764425656.6618955,0.1137109375,0.11,0.07625,0.137,16
1764425656.671476,0.1143359375,0.11,0.063984375,0.111,15
1764425656.6818974,0.1148046875,0.11,0.051171875,0.104,13
1764425656.6914737,0.115234375,0.11,0.0440234375,0.026,15
1764425656.7008967,0.1156640625,0.11,0.042265625,0.083,12
1764425656.7108967,0.1161328125,0.11,0.047656250000000004,0.021,16
1764425656.7204964,0.1165625,0.11,0.0451171875,0.159,9
1764425656.731473,0.1169921875,0.11,0.0425390625,0.04,14
1764425656.7414756,0.117265625,0.11,0.03015625,0.01,13
1764425656.7524738,0.11742187500000001,0.11,0.0192578125,-0.151,18
1764425656.7624743,0.1174609375,0.11,0.0135546875,-0.075,14
1764425656.7718968,0.1176953125,0.11,0.0173046875,-0.009,11
1764425656.7814746,0.1179296875,0.11,0.0219140625,-0.079,16
1764425656.7914975,0.1180859375,0.11,0.0171875,-0.02,12
1764425656.8014865,0.11828125,0.11,0.019921875000000002,-0.005,12
1764425656.811487,0.11847656250000001,0.11,0.018671875,-0.078,15
1764425656.8214734,0.1186328125,0.11,0.0163671875,-0.019,12
1764425656.83091,0.1189453125,0.11,0.0294921875,-0.005,14
1764425656.8418949,0.119296875,0.11,0.0347265625,-0.001,15
1764425656.8514736,0.11972656250000001,0.11,0.041875,-0.0,17
1764425656.862475,0.1201953125,0.11,0.045625,0.077,14
1764425656.872473,0.12046875,0.11,0.05015625,0.038,17
1764425656.8818955,0.1209375,0.11,0.0476953125,0.01,18
1764425656.8914852,0.121484375,0.11,0.0391796875,0.001,16
1764425656.9014778,0.12195312500000001,0.11,0.0469140625,0.154,11
1764425656.9119024,0.1225,0.11,0.052734375,0.038,18
1764425656.9214773,0.12300781250000001,0.11,0.0503125,0.086,15
1764425656.9314785,0.12328125000000001,0.11,0.0525,0.043,18
1764425656.9414783,0.12425781250000001,0.11,0.0602734375,0.082,18
1764425656.9524775,0.12484375,0.12,0.058046875,0.174,10
1764425656.9624765,0.12546875,0.12,0.0613671875,0.197,10
1764425656.9724789,0.12578125,0.12,0.061953125000000005,0.098,14
1764425656.9818988,0.1264453125,0.12,0.0438671875,0.089,11
1764425656.991478,0.1268359375,0.12,0.0402734375,0.176,7
1764425657.0014782,0.1271484375,0.12,0.0315625,0.044,11
1764425657.0108974,0.1271875,0.12,0.00984375,0.011,8
1764425657.0214756,0.1272265625,0.12,0.0063671875000000005,0.003,8
1764425657.030898,0.1272265625,0.12,0.0016015625000000001,0.001,7
1764425657.0404778,0.1272265625,0.12,0.000390625,0.0,7
1764425657.0508971,0.1272265625,0.12,0.0001171875,0.0,7
1764425657.0604758,0.1272265625,0.12,3.90625e-05,0.0,7
1764425657.0708973,0.1272265625,0.12,0.0,0.0,-9
1764425657.081479,0.1272265625,0.12,0.0,-0.153,-2
1764425657.0918982,0.1270703125,0.12,-0.01171875,-0.038,-24
1764425657.10148,0.12703125,0.12,-0.0048828125,-0.01,-24
1764425657.1114795,0.126640625,0.12,-0.0344140625,-0.079,-27
1764425657.1208966,0.1258203125,0.11,-0.07109375,-0.25,-24
1764425657.1304822,0.1253125,0.11,-0.086328125,-0.278,-26
1764425657.1408987,0.1241015625,0.11,-0.1133984375,-0.453,-24
1764425657.1509018,0.1222265625,0.1,-0.122578125,-0.325,-29
1764425657.1614778,0.121015625,0.1,-0.122421875,-0.388,-26
1764425657.170898,0.12035156250000001,0.1,-0.1276171875,-0.501,-22
1764425657.1814804,0.1182421875,0.09,-0.1360546875,-0.523,-21
1764425657.1914783,0.116953125,0.08,-0.1297265625,-0.514,-17
1764425657.2008986,0.11640625,0.08,-0.11953125,-0.41,-20
1764425657.210481,0.11515625,0.08,-0.08234375000000001,-0.32,-16
1764425657.2204795,0.11457031250000001,0.07,-0.0635546875,-0.31,-10
1764425657.2384803,0.114296875,0.07,-0.0591015625,-0.308,-9
1764425657.2514777,0.1136328125,0.07,-0.0405859375,-0.269,-7
1764425657.2694788,0.1134765625,0.07,-0.011914062500000001,-0.187,-5
1764425657.279479,0.1134375,0.07,-0.004921875,-0.047,-10
1764425657.2894793,0.1134375,0.07,-0.0003125,-0.041,-9
1764425657.300902,0.1133984375,0.07,-0.001015625,-0.005,-11
1764425657.310479,0.1133984375,0.07,-0.000234375,-0.001,-11
1764425657.3204813,0.1133984375,0.07,-7.8125e-05,-0.0,-11
1764425657.329901,0.1133984375,0.07,0.0,-0.0,4
1764425657.341479,0.1133984375,0.06,0.0,-0.153,15
1764425657.3514802,0.1134375,0.07,0.00390625,0.077,16
1764425657.3614788,0.1135546875,0.07,0.0107421875,0.019,21
1764425657.370901,0.1141015625,0.07,0.03453125,0.156,19
1764425657.3804784,0.1146875,0.07,0.0535546875,0.192,22
1764425657.3908985,0.1153515625,0.07,0.0641796875,0.201,24
1764425657.4009018,0.1162890625,0.07,0.0863671875,0.127,32
1764425657.4119005,0.1174609375,0.08,0.1094921875,0.262,28
1764425657.4214785,0.1187890625,0.08,0.1289453125,0.449,23
1764425657.432466,0.1203125,0.08,0.1474609375,0.342,33
1764425657.4424627,0.12105468750000001,0.08,0.14796875,0.325,34
1764425657.4524653,0.1232421875,0.09,0.14933593750000002,0.309,32
1764425657.4628868,0.125078125,0.09,0.176015625,0.384,35
1764425657.4728856,0.1260546875,0.1,0.1856640625,0.499,28
1764425657.482887,0.128984375,0.1,0.1901953125,0.407,35
1764425657.4928875,0.1308203125,0.11,0.1823046875,0.562,22
1764425657.502884,0.1316796875,0.11,0.177109375,0.434,28
1764425657.5128841,0.13343750000000001,0.12,0.1751171875,0.492,21
1764425657.522884,0.135625,0.12,0.1458984375,0.33,24
1764425657.5324655,0.13636718750000001,0.12,0.1471875,0.472,17
1764425657.5418847,0.13765625,0.13,0.130546875,0.348,17
1764425657.5518866,0.138671875,0.13,0.1068359375,0.164,21
1764425657.561465,0.1398046875,0.13,0.0768359375,0.289,9
1764425657.5714638,0.14054687500000002,0.13,0.075859375,0.226,12
1764425657.5814843,0.14078125,0.13,0.0613671875,0.113,14
1764425657.591469,0.14109375,0.13,0.02328125,0.014,11
1764425657.6008997,0.14125000000000001,0.13,0.0175390625,0.004,10
1764425657.6114824,0.14140625,0.13,0.01609375,0.001,10
1764425657.6209,0.1414453125,0.13,0.007929687500000001,0.0,8
1764425657.6324809,0.1414453125,0.13,0.0019921875,-0.153,14
1764425657.6418872,0.1414453125,0.13,0.0005078125,-0.038,9
1764425657.6514666,0.141484375,0.13,0.004140625,-0.019,8
1764425657.6608863,0.141640625,0.13,0.0083203125,-0.002,9
1764425657.670467,0.141640625,0.13,0.0020703125,-0.077,11
1764425657.680887,0.141640625,0.13,0.0005078125,-0.096,11
1764425657.690904,0.1416796875,0.13,0.0020703125,-0.177,16
1764425657.7024808,0.14179687500000002,0.13,0.0083203125,-0.044,11
1764425657.7124817,0.14203125,0.13,0.0196484375,-0.088,15
1764425657.7224796,0.1423828125,0.13,0.0303125,-0.022,14
1764425657.7324665,0.1425390625,0.13,0.03078125,-0.011,14
1764425657.7424655,0.1432421875,0.13,0.04484375,-0.001,17
1764425657.7524672,0.143671875,0.13,0.044414062500000004,-0.0,17
1764425657.7629025,0.1441015625,0.12,0.044296875,-0.153,28
1764425657.7729042,0.144296875,0.12,0.0416796875,-0.077,24
1764425657.782906,0.1451171875,0.12,0.060859375,-0.01,25
1764425657.792903,0.14609375,0.13,0.08945312500000001,0.074,24
1764425657.8029048,0.147265625,0.13,0.110234375,0.095,28
1764425657.812903,0.1478125,0.13,0.1098046875,0.201,22
1764425657.8249032,0.149375,0.13,0.106484375,0.255,19
1764425657.834905,0.1505078125,0.13,0.110625,0.217,22
1764425657.844903,0.15140625,0.13,0.09406250000000001,0.208,19
1764425657.855486,0.152109375,0.13,0.07625,0.052,24
1764425657.8659034,0.1525,0.13,0.0771875,0.026,25
1764425657.8764822,0.15328125,0.14,0.077890625,0.083,19
1764425657.886484,0.1546875,0.14,0.09371093750000001,0.202,17
1764425657.896484,0.15519531250000002,0.14,0.09765625,0.254,15
1764425657.9064848,0.1562109375,0.14,0.0986328125,0.217,18
1764425657.9164848,0.15742187500000002,0.14,0.07875,0.104,19
1764425657.9264834,0.157890625,0.14,0.054843750000000004,0.026,18
1764425657.9364817,0.1583203125,0.15,0.0449609375,0.16,6
1764425657.9465194,0.15859375,0.15,0.0498046875,0.08,11
1764425657.9564846,0.159453125,0.15,0.0530859375,0.01,15
1764425657.9664848,0.159609375,0.15,0.0421875,0.005,13
1764425657.9829047,0.16035156250000002,0.15,0.03109375,0.0,11
1764425657.9929042,0.160625,0.15,0.0273046875,0.0,10
1764425658.0029054,0.16078125000000001,0.15,0.0166015625,0.0,8
1764425658.012905,0.1608203125,0.14,0.00609375,-0.077,13
1764425658.022909,0.1608203125,0.14,0.0015234375,-0.173,17
1764425658.0334811,0.160859375,0.14,0.00234375,-0.043,11
1764425658.0434816,0.16105468750000002,0.14,0.0162109375,-0.011,12
1764425658.053481,0.1612890625,0.14,0.021640625,-0.079,17
1764425658.0634816,0.161484375,0.14,0.021015625,-0.02,14
1764425658.0739179,0.161796875,0.14,0.030664062500000002,-0.005,15
1764425658.0839136,0.1619921875,0.14,0.03484375,-0.002,16
1764425658.0939028,0.16273437500000001,0.14,0.048320312500000004,-0.0,19
1764425658.1039033,0.163046875,0.14,0.055390625,-0.0,21
1764425658.113903,0.1641015625,0.14,0.070390625,0.038,23
1764425658.1239035,0.1648828125,0.14,0.0781640625,0.01,27
1764425658.1339061,0.1658203125,0.14,0.091796875,0.079,27
1764425658.1444855,0.1663671875,0.15,0.1005859375,0.193,19
1764425658.154486,0.16765625,0.15,0.120859375,0.202,23
1764425658.1644857,0.16953125,0.15,0.1205859375,0.217,23
1764425658.174501,0.170625,0.15,0.1121875,0.208,22
1764425658.1843853,0.1716015625,0.15,0.1003125,0.205,19
1764425658.194911,0.17203125,0.15,0.093125,0.103,24
1764425658.2054853,0.17347656250000001,0.15,0.0946484375,0.051,28
1764425658.215485,0.174375,0.16,0.090078125,0.089,20
1764425658.2254856,0.1753125,0.16,0.094765625,0.176,17
1764425658.2354865,0.176484375,0.16,0.1116015625,0.197,20
1764425658.2455714,0.1775,0.16,0.102109375,0.203,18
1764425658.2559116,0.178203125,0.16,0.07828125,0.051,21
1764425658.2659428,0.1787890625,0.16,0.0625390625,0.013,20
1764425658.2765012,0.179375,0.16,0.060546875,0.003,20
1764425658.2865255,0.1801171875,0.16,0.071796875,0.001,23
1764425658.2965088,0.18085937500000002,0.16,0.0726171875,0.077,19
1764425658.306508,0.181171875,0.16,0.067578125,0.038,20
1764425658.3164892,0.1823828125,0.16,0.080703125,0.158,17
1764425658.326488,0.18324218750000001,0.16,0.0846484375,0.04,26
1764425658.336488,0.183671875,0.16,0.08527343750000001,0.02,27
1764425658.3464901,0.1848046875,0.17,0.07609375,0.041,19
1764425658.3564892,0.1858203125,0.17,0.0971484375,0.164,18
1764425658.36693,0.186953125,0.17,0.10828125,0.194,19
1764425658.377498,0.1878125,0.17,0.0876171875,0.049,23
1764425658.3879051,0.18812500000000001,0.17,0.0750390625,0.024,21
1764425658.397907,0.1886328125,0.17,0.055859375,0.006,18
1764425658.4079058,0.18921875,0.17,0.05890625,0.155,10
1764425658.4178946,0.19035156250000002,0.17,0.071796875,0.019,22
1764425658.427894,0.190859375,0.17,0.055078125,0.082,14
1764425658.437931,0.191015625,0.17,0.025468750000000002,0.02,10
1764425658.447894,0.19132812500000002,0.17,0.0317578125,0.005,13
1764425658.4578922,0.1915625,0.17,0.0235546875,0.001,11
1764425658.4678938,0.191640625,0.17,0.011757812500000001,0.0,8
1764425658.4778924,0.191640625,0.17,0.0029296875,-0.077,11
1764425658.4884725,0.1916796875,0.17,0.0046484375,-0.019,8
1764425658.4984715,0.19171875,0.17,0.005078125,-0.005,7
1764425658.508894,0.19171875,0.17,0.00125,-0.001,6
1764425658.518895,0.19171875,0.17,0.0003125,0.153,-2
1764425658.5288928,0.19171875,0.17,7.8125e-05,0.038,4
1764425658.5388913,0.19171875,0.17,3.90625e-05,0.01,5
1764425658.5494926,0.1916796875,0.17,-0.001953125,0.156,-33
1764425658.559905,0.1916796875,0.17,-0.0009765625,0.078,-29
1764425658.5699046,0.19160156250000002,0.17,-0.007929687500000001,0.01,-27
1764425658.5799046,0.1905859375,0.17,-0.0840234375,-0.151,-36
1764425658.5895257,0.188984375,0.17,-0.1440625,-0.421,-36
1764425658.599484,0.1853515625,0.16,-0.18671875000000002,-0.544,-36
1764425658.611487,0.18328125,0.15,-0.2029296875,-0.52,-38
1764425658.621489,0.181171875,0.15,-0.2089453125,-0.59,-37
1764425658.6318944,0.1788671875,0.14,-0.22605468750000002,-0.608,-36
1764425658.6414733,0.176484375,0.13,-0.2362109375,-0.612,-36
1764425658.6524725,0.1741015625,0.13,-0.23679687500000002,-0.767,-29
1764425658.6618938,0.17179687500000002,0.12,-0.2310546875,-0.498,-38
1764425658.6718962,0.16957031250000001,0.12,-0.2237890625,-0.662,-29
1764425658.6818979,0.16734375,0.11,-0.225859375,-0.626,-29
1764425658.6924758,0.1651953125,0.1,-0.2146875,-0.617,-24
1764425658.7024736,0.163359375,0.1,-0.19234375,-0.614,-20
1764425658.7124894,0.161875,0.09,-0.1574609375,-0.46,-17
1764425658.7224896,0.160703125,0.09,-0.1253125,-0.499,-7
1764425658.7324758,0.159765625,0.08,-0.0996875,-0.355,-6
1764425658.7424743,0.159296875,0.08,-0.056171875,-0.165,-6
1764425658.752473,0.1592578125,0.08,-0.0319921875,-0.236,5
1764425658.762474,0.159296875,0.08,-0.0030078125,-0.03,-1
1764425658.7724974,0.15937500000000002,0.08,0.0051171875,-0.007,31
1764425658.7829218,0.1594140625,0.08,0.0064453125000000005,-0.004,31
1764425658.792921,0.1595703125,0.08,0.0172265625,-0.001,33
1764425658.803501,0.16140625,0.09,0.1193359375,0.345,36
1764425658.8135,0.1631640625,0.09,0.164609375,0.47,41
1764425658.8234985,0.1653125,0.1,0.2032421875,0.424,52
1764425658.8334756,0.1677734375,0.1,0.2383203125,0.72,42
1764425658.8434803,0.1706640625,0.11,0.2822265625,0.64,59
1764425658.8534982,0.17375000000000002,0.12,0.301015625,0.85,45
1764425658.8634896,0.1771484375,0.13,0.3350390625,0.903,49
1764425658.8734887,0.180703125,0.14,0.349375,0.916,49
1764425658.8839097,0.1841015625,0.15,0.343203125,0.919,44
1764425658.8939214,0.187578125,0.15,0.3475390625,0.92,47
1764425658.9039218,0.19089843750000002,0.17,0.334921875,1.074,25
1764425658.913898,0.1924609375,0.17,0.3237109375,0.844,38
1764425658.923897,0.1968359375,0.18,0.2836328125,0.834,24
1764425658.9344885,0.19796875,0.18,0.255078125,0.724,24
1764425658.9444864,0.2012890625,0.19,0.21839843750000001,0.627,17
1764425658.954487,0.2030078125,0.2,0.18156250000000002,0.54,10
1764425658.9649112,0.2044921875,0.2,0.154765625,0.365,14
1764425658.9754846,0.2054296875,0.2,0.10507812500000001,0.321,5
1764425658.9855008,0.2061328125,0.21,0.0790234375,0.234,0
1764425658.9959135,0.2064453125,0.21,0.0707421875,0.27,-3
1764425659.0059123,0.206796875,0.21,0.020546875,0.034,-2
1764425659.0159097,0.2067578125,0.21,0.0032031250000000002,0.008,-5
1764425659.0254931,0.2067578125,0.21,0.0016015625000000001,0.004,-5
1764425659.0354908,0.206796875,0.21,0.001171875,-0.038,-3
1764425659.045504,0.206796875,0.21,0.0003125,-0.009,-5
1764425659.0549147,0.206796875,0.21,7.8125e-05,-0.002,-5
1764425659.0649157,0.206796875,0.2,0.0,-0.077,-13
1764425659.0749164,0.206796875,0.2,0.0,-0.019,-16
1764425659.0849295,0.20671875,0.2,-0.0078125,-0.005,-33
1764425659.094913,0.2066015625,0.2,-0.015625,-0.156,-27
1764425659.1049185,0.205859375,0.2,-0.0546875,-0.096,-39
1764425659.1149282,0.20527343750000002,0.2,-0.0859375,-0.201,-41
1764425659.12549,0.2030859375,0.19,-0.1474609375,-0.485,-37
1764425659.1354806,0.2021484375,0.19,-0.1675,-0.396,-45
1764425659.1454797,0.19875,0.18,-0.222109375,-0.625,-43
1764425659.1554813,0.1975390625,0.17,-0.2321484375,-0.773,-35
1764425659.1654804,0.19359375,0.16,-0.262421875,-0.71,-42
1764425659.1758986,0.19089843750000002,0.15,-0.2667578125,-0.868,-33
1764425659.1859012,0.18828125,0.15,-0.26394531250000003,-0.831,-35
1764425659.1958988,0.1855859375,0.14,-0.2671484375,-0.821,-33
1764425659.205901,0.183203125,0.13,-0.24453125,-0.666,-33
1764425659.21548,0.1820703125,0.13,-0.23554687500000002,-0.64,-33
1764425659.225477,0.17984375,0.12,-0.2248828125,-0.62,-29
1764425659.2354767,0.176640625,0.12,-0.213671875,-0.614,-27
1764425659.245478,0.17453125,0.11,-0.2096484375,-0.614,-24
1764425659.2554774,0.1726171875,0.1,-0.195,-0.614,-17
1764425659.2655087,0.1717578125,0.1,-0.1834375,-0.614,-15
1764425659.2754776,0.1694140625,0.09,-0.154765625,-0.422,-16
1764425659.2855258,0.1683203125,0.09,-0.11875000000000001,-0.336,-12
1764425659.2954943,0.1674609375,0.09,-0.094140625,-0.237,-12
1764425659.3054929,0.166796875,0.08,-0.0704296875,-0.289,1
1764425659.3154929,0.1664453125,0.08,-0.0410546875,-0.149,-1
1764425659.325493,0.1664453125,0.08,-0.0063671875000000005,-0.114,7
1764425659.3354933,0.16640625,0.08,-0.0055078125,-0.028,1
1764425659.3459175,0.1664453125,0.08,0.0025390625,-0.007,33
1764425659.3564932,0.1665625,0.08,0.0084375,-0.002,34
1764425659.3669188,0.1665625,0.08,0.00421875,-0.001,33
1764425659.377496,0.1679296875,0.08,0.09625,0.307,39
1764425659.3874936,0.169609375,0.09,0.15101562500000001,0.307,52
1764425659.397494,0.1705859375,0.09,0.1731640625,0.46,47
1764425659.4074962,0.173984375,0.1,0.2296484375,0.556,55
1764425659.4174953,0.17695312500000002,0.11,0.2859375,0.753,55
1764425659.4274967,0.1785546875,0.11,0.30312500000000003,0.836,54
1764425659.437528,0.18378906250000002,0.12,0.3494140625,0.872,66
1764425659.447506,0.187578125,0.13,0.374453125,1.062,55
1764425659.4574971,0.1914453125,0.14,0.3846484375,1.109,51
1764425659.4674964,0.19355468750000002,0.15,0.4032421875,1.015,63
1764425659.4774961,0.1998828125,0.17,0.4146484375,1.124,49
1764425659.4874966,0.20402343750000002,0.18,0.416171875,1.125,46
1764425659.4974968,0.2084375,0.19,0.4360546875,1.125,50
1764425659.5074928,0.2125,0.2,0.4117578125,1.048,45
1764425659.5174973,0.2144140625,0.2,0.397265625,1.138,33
1764425659.527529,0.2199609375,0.22,0.37093750000000003,0.948,31
1764425659.53792,0.2233203125,0.23,0.342734375,1.081,11
1764425659.548479,0.2261328125,0.24,0.292734375,0.807,11
1764425659.5654793,0.22921875,0.25,0.19675781250000002,0.523,1
1764425659.5819023,0.2304296875,0.25,0.08515625,0.372,-14
1764425659.5923233,0.230546875,0.25,0.0019140625,0.023,-15
1764425659.6029007,0.2302734375,0.25,-0.02296875,-0.148,-43
1764425659.6134815,0.229765625,0.25,-0.0448046875,-0.19,-45
1764425659.6234815,0.2286328125,0.25,-0.1049609375,-0.278,-54
1764425659.6334822,0.22648437500000002,0.24,-0.192265625,-0.453,-60
1764425659.6429002,0.22359375,0.23,-0.270703125,-0.65,-63
1764425659.652482,0.2201171875,0.22,-0.3333203125,-1.006,-57
1764425659.6624815,0.2159765625,0.21,-0.3977734375,-1.249,-57
1764425659.6719236,0.21375,0.2,-0.4215625,-1.238,-59
1764425659.681912,0.2092578125,0.19,-0.437421875,-1.23,-60
1764425659.6934803,0.2024609375,0.17,-0.447265625,-1.496,-45
1764425659.7039015,0.1979296875,0.15,-0.45359375,-1.524,-39
1764425659.7139158,0.1937890625,0.14,-0.4200390625,-1.455,-32
1764425659.7239053,0.1901171875,0.13,-0.376484375,-1.284,-29
1764425659.7339158,0.18703125,0.12,-0.32070312500000003,-1.011,-28
1764425659.7439027,0.184453125,0.11,-0.269609375,-0.79,-25
1764425659.760481,0.1823828125,0.1,-0.219765625,-0.734,-13
1764425659.7805192,0.1783203125,0.09,-0.1475,-0.512,-5
1764425659.7969248,0.1769921875,0.09,-0.0916796875,-0.294,-5
1764425659.8075056,0.17667968750000002,0.09,-0.042460937500000004,-0.227,5
1764425659.8175044,0.17667968750000002,0.09,-0.010625,-0.057,2
1764425659.827507,0.17671875,0.09,0.00125,-0.014,33
1764425659.8375058,0.1767578125,0.09,0.002265625,-0.004,33
1764425659.8475063,0.1767578125,0.09,0.0011328125,-0.155,44
1764425659.8575063,0.17792968750000002,0.09,0.08609375,0.172,46
1764425659.867551,0.17863281250000002,0.09,0.113359375,0.24,50
1764425659.877918,0.1806640625,0.1,0.1845703125,0.52,47
1764425659.887945,0.18476562500000002,0.11,0.2730859375,0.755,55
1764425659.8984985,0.1880078125,0.12,0.314375,0.879,55
1764425659.9085553,0.19125,0.13,0.322734375,0.91,52
1764425659.9184952,0.194765625,0.13,0.3462890625,0.918,62
1764425659.928495,0.198515625,0.14,0.3678125,0.92,67
1764425659.9384952,0.2023828125,0.15,0.381015625,1.074,54
1764425659.9484959,0.20671875,0.17,0.4233984375,1.189,50
1764425659.9584942,0.2115234375,0.18,0.46718750000000003,1.218,62
1764425659.9684958,0.21378906250000002,0.19,0.46015625,1.222,54
1764425659.9784958,0.2202734375,0.2,0.4276171875,1.073,55
1764425659.9889193,0.2247265625,0.21,0.4428515625,1.189,45
1764425659.9989178,0.2290234375,0.23,0.434921875,1.294,23
1764425660.0089183,0.2350390625,0.25,0.39421875,1.082,18
1764425660.0209339,0.23945312500000002,0.26,0.284609375,0.826,3
1764425660.0309296,0.241171875,0.26,0.19421875,0.513,0
1764425660.0414996,0.24167968750000002,0.27,0.147890625,0.563,-16
1764425660.0509212,0.24203125,0.27,0.056484375,0.294,-22
1764425660.0614982,0.24171875,0.27,-0.0183203125,-0.04,-52
1764425660.0715003,0.24097656250000002,0.27,-0.0631640625,-0.163,-55
1764425660.0819192,0.240234375,0.26,-0.1058203125,-0.235,-57
1764425660.091499,0.2361328125,0.25,-0.2671484375,-0.643,-67
1764425660.1009576,0.2344140625,0.25,-0.3054296875,-0.935,-62
1764425660.1105182,0.230546875,0.24,-0.3673828125,-1.077,-66
1764425660.1229346,0.2237109375,0.22,-0.446328125,-1.362,-63
1764425660.132509,0.218828125,0.2,-0.47875,-1.414,-62
1764425660.142511,0.216328125,0.19,-0.489375,-1.474,-58
1764425660.1525116,0.211171875,0.18,-0.50515625,-1.519,-57
1764425660.1625087,0.20609375,0.17,-0.5012890625,-1.377,-61
1764425660.172519,0.1989453125,0.14,-0.470859375,-1.361,-47
1764425660.1825097,0.196640625,0.14,-0.4658984375,-1.294,-50
1764425660.1925018,0.1921484375,0.13,-0.44851562500000003,-1.244,-47
1764425660.2025008,0.1860546875,0.11,-0.40664062500000003,-1.076,-41
1764425660.212501,0.18226562500000001,0.1,-0.3848828125,-1.036,-36
1764425660.2225008,0.1787890625,0.09,-0.3559765625,-0.949,-31
1764425660.2323418,0.1771875,0.08,-0.33816406250000003,-0.935,-25
1764425660.2425022,0.17296875,0.07,-0.27957031250000003,-0.769,-18
1764425660.2525017,0.17078125,0.07,-0.2319921875,-0.652,-14
1764425660.2625017,0.1690625,0.06,-0.1830078125,-0.47,-9
1764425660.2725,0.16789062500000002,0.06,-0.1297265625,-0.424,2
1764425660.282499,0.16718750000000002,0.06,-0.083203125,-0.183,-1
1764425660.2925,0.16703125,0.05,-0.0572265625,-0.245,14
1764425660.3024998,0.1670703125,0.05,-0.0051953125,-0.031,14
1764425660.3125002,0.167265625,0.05,0.0162890625,-0.008,50
1764425660.3224988,0.16761718750000001,0.05,0.031406250000000004,-0.002,55
1764425660.3325005,0.1680078125,0.06,0.054765625,0.152,46
1764425660.342501,0.1713671875,0.06,0.2216796875,0.594,67
1764425660.3525012,0.1745703125,0.07,0.2956640625,0.685,82
1764425660.3625016,0.17835937500000001,0.08,0.366875,0.938,82
1764425660.3725002,0.1831640625,0.1,0.456953125,1.155,88
1764425660.3824992,0.18890625,0.11,0.5478515625,1.593,81
1764425660.3925006,0.19515625,0.13,0.609609375,1.702,86
1764425660.4025013,0.19843750000000002,0.14,0.6329296875,1.771,85
1764425660.412499,0.20859375,0.16,0.6767578125,1.794,93
1764425660.4225013,0.2156640625,0.18,0.7004296875,1.829,92
1764425660.432503,0.22296875,0.2,0.7258984375,1.915,88
1764425660.4425018,0.2305078125,0.22,0.747890625,2.089,72
1764425660.4565012,0.2380078125,0.25,0.7475,2.133,46
1764425660.4665015,0.2451171875,0.27,0.71421875,2.067,30
1764425660.4765031,0.251484375,0.28,0.6473046875,1.897,20
1764425660.486502,0.25640625,0.3,0.5212109375,1.625,-1
1764425660.496923,0.2583203125,0.31,0.45199218750000003,1.426,-9
1764425660.5065255,0.2619140625,0.32,0.238125,0.83,-26
1764425660.5165045,0.2625,0.32,0.09664062500000001,0.284,-29
1764425660.5259252,0.2624609375,0.32,0.044414062500000004,0.142,-33
1764425660.5355027,0.2612109375,0.32,-0.07941406250000001,-0.059,-77
1764425660.544925,0.2596875,0.31,-0.13703125,-0.322,-73
1764425660.554503,0.257265625,0.31,-0.2295703125,-0.617,-79
1764425660.5639253,0.2531640625,0.3,-0.3718359375,-0.921,-89
1764425660.573503,0.2506640625,0.29,-0.43593750000000003,-1.228,-85
1764425660.5829256,0.24195312500000002,0.26,-0.5750000000000001,-1.572,-88
1764425660.5925045,0.2354296875,0.24,-0.6359375,-1.85,-83
1764425660.6019256,0.2286328125,0.22,-0.6707031250000001,-1.92,-82
1764425660.6115015,0.22160156250000002,0.2,-0.6930859375,-2.014,-77
1764425660.6219254,0.2145703125,0.19,-0.700625,-1.884,-82
1764425660.6315029,0.2076171875,0.17,-0.6946875,-1.852,-78
1764425660.6409256,0.204140625,0.16,-0.6950000000000001,-1.846,-76
1764425660.6509466,0.1941015625,0.13,-0.665,-1.65,-71
1764425660.6605127,0.19078125,0.13,-0.66453125,-1.438,-81
1764425660.6719387,0.181328125,0.1,-0.62703125,-1.56,-62
1764425660.6815135,0.1748828125,0.09,-0.6430859375,-1.694,-57
1764425660.6925144,0.16796875,0.06,-0.66859375,-2.034,-39
1764425660.7029226,0.1619140625,0.05,-0.6144140625,-1.889,-33
1764425660.7195337,0.1572265625,0.03,-0.49929687500000003,-1.469,-23
1764425660.7359695,0.150859375,0.01,-0.3031640625,-0.974,2
1764425660.7525144,0.147265625,0.0,-0.16007812500000002,-0.559,18
1764425660.762502,0.146796875,0.0,-0.06929687500000001,-0.293,26
1764425660.7725008,0.1470703125,0.0,0.008046875,0.08,52
1764425660.7825017,0.14738281250000002,0.0,0.0352734375,0.04,64
1764425660.7925012,0.1494140625,0.01,0.1440625,0.273,78
1764425660.8025067,0.152421875,0.02,0.2684375,0.759,77
1764425660.8125033,0.1566796875,0.03,0.395234375,1.033,95
1764425660.8225021,0.15921875,0.03,0.4515234375,1.284,94
1764425660.8325045,0.16496093750000002,0.05,0.54453125,1.471,103
1764425660.8425043,0.175390625,0.08,0.6862109375000001,1.795,114
1764425660.8525038,0.1831640625,0.1,0.7575000000000001,2.059,112
1764425660.8625035,0.18734375,0.11,0.79671875,2.257,107
1764425660.872453,0.196171875,0.13,0.8573828125,2.405,109
1764425660.882504,0.21015625000000002,0.17,0.9245703125,2.602,104
1764425660.8929262,0.21964843750000002,0.2,0.9459765625000001,2.491,108
1764425660.9035125,0.2291015625,0.22,0.943515625,2.54,99
1764425660.9139342,0.2383984375,0.25,0.9331640625000001,2.476,90
1764425660.9239352,0.24765625,0.27,0.9246875,2.46,81
1764425660.9339359,0.2521484375,0.28,0.9115625,2.304,88
1764425660.9439354,0.264765625,0.32,0.8297656250000001,2.205,26
1764425660.9539366,0.272421875,0.34,0.7797265625,2.009,14
1764425660.9635205,0.27890625,0.36,0.66171875,1.959,-13
1764425660.9729266,0.28304687500000003,0.37,0.46035156250000003,1.41,-28
1764425660.9825048,0.2848828125,0.38,0.238125,0.889,-48
1764425660.9919496,0.284765625,0.38,0.04,0.452,-64
1764425661.0019376,0.28328125,0.38,-0.11109375,-0.04,-101
1764425661.0115197,0.2805078125,0.37,-0.2445703125,-0.394,-107
1764425661.0209427,0.2758203125,0.36,-0.4263671875,-1.095,-108
1764425661.03152,0.27273437500000003,0.35,-0.521796875,-1.315,-113
1764425661.040941,0.261484375,0.32,-0.7400390625000001,-2.274,-106
1764425661.0505173,0.2572265625,0.31,-0.79578125,-2.517,-104
1764425661.0615177,0.24359375,0.26,-0.8963671875,-2.922,-92
1764425661.0709426,0.2390234375,0.25,-0.9051953125000001,-2.842,-95
1764425661.0815263,0.2257421875,0.2,-0.87390625,-2.733,-80
1764425661.0909302,0.2214453125,0.19,-0.866640625,-2.747,-76
1764425661.101928,0.20917968750000002,0.15,-0.8094921875000001,-2.376,-71
1764425661.1119277,0.205390625,0.14,-0.783671875,-2.415,-62
1764425661.1225295,0.19515625,0.11,-0.6790234375,-1.951,-55
1764425661.132506,0.1891796875,0.1,-0.613125,-1.715,-50
1764425661.1429281,0.183828125,0.08,-0.55171875,-1.426,-46
1764425661.1525056,0.179140625,0.07,-0.4855859375,-1.2,-40
1764425661.1625059,0.1748828125,0.06,-0.4378125,-1.067,-35
1764425661.1725063,0.1711328125,0.05,-0.38875,-0.957,-27
1764425661.182505,0.1679296875,0.04,-0.333515625,-0.853,-17
1764425661.1934965,0.16523437500000002,0.04,-0.280625,-0.597,-19
1764425661.2044928,0.1634765625,0.03,-0.1990625,-0.379,-9
1764425661.2154908,0.16234375,0.03,-0.131796875,-0.402,9
1764425661.2259154,0.1616796875,0.03,-0.077890625,-0.331,20
1764425661.236493,0.1615625,0.03,-0.023359375,-0.083,19
1764425661.2469132,0.161875,0.02,0.021484375,-0.097,70
1764425661.2574928,0.16265625,0.03,0.0659375,0.052,68
1764425661.2675111,0.16398437500000002,0.03,0.125859375,0.32,67
1764425661.2774978,0.16718750000000002,0.04,0.2833984375,0.694,86
1764425661.287509,0.1715625,0.05,0.402890625,1.094,91
1764425661.2975092,0.176484375,0.06,0.475703125,1.347,93
1764425661.3075085,0.182421875,0.08,0.5701171875000001,1.564,100
1764425661.317684,0.185625,0.09,0.6053515625,1.856,86
1764425661.3279147,0.1926171875,0.11,0.670859375,1.921,96
1764425661.3379595,0.2039453125,0.14,0.750859375,2.158,95
1764425661.3479304,0.2116796875,0.17,0.7677734375,2.303,76
1764425661.358693,0.219609375,0.19,0.7876562500000001,2.187,88
1764425661.3685083,0.2236328125,0.2,0.796171875,2.167,90
1764425661.3785112,0.2348828125,0.23,0.7391796875,2.035,70
1764425661.3885076,0.2421484375,0.25,0.7297265625,2.043,53
1764425661.3985088,0.2495703125,0.27,0.7410156250000001,2.121,36
1764425661.4085083,0.256328125,0.29,0.6872265625,1.911,25
1764425661.4185092,0.261953125,0.31,0.585859375,1.628,8
1764425661.428506,0.266171875,0.32,0.455078125,1.327,-7
1764425661.4379323,0.268984375,0.33,0.316875,1.022,-23
1764425661.4475098,0.2703125,0.33,0.1690625,0.562,-30
1764425661.4569297,0.2703125,0.33,0.034453125,0.141,-37
1764425661.4665117,0.2694921875,0.33,-0.057773437500000004,-0.042,-76
1764425661.4759324,0.26890625,0.33,-0.08750000000000001,-0.174,-76
1764425661.4855595,0.2657421875,0.32,-0.21894531250000002,-0.52,-83
1764425661.4949553,0.26394531250000003,0.32,-0.289140625,-0.72,-87
1764425661.5049405,0.25667968750000003,0.3,-0.4775390625,-1.317,-91
1764425661.5145214,0.250625,0.28,-0.578359375,-1.48,-97
1764425661.523941,0.243828125,0.26,-0.65828125,-1.827,-93
1764425661.5335195,0.2365625,0.24,-0.7153515625,-1.991,-92
1764425661.5429444,0.2289453125,0.22,-0.753046875,-2.032,-92
1764425661.5525224,0.22507812500000002,0.21,-0.7632421875000001,-2.09,-90
1764425661.562522,0.2133203125,0.18,-0.7799609375000001,-2.14,-84
1764425661.5719469,0.209296875,0.17,-0.79234375,-2.297,-77
1764425661.5825102,0.19765625,0.13,-0.7650390625,-2.32,-61
1764425661.5919335,0.19046875,0.12,-0.728359375,-2.037,-65
1764425661.6015112,0.1840234375,0.1,-0.660625,-1.813,-57
1764425661.6115124,0.178203125,0.08,-0.59875,-1.68,-45
1764425661.6225116,0.17542968750000001,0.07,-0.5767187500000001,-1.761,-34
1764425661.632931,0.1703515625,0.06,-0.5152734375,-1.437,-35
1764425661.6435087,0.16425781250000002,0.04,-0.39937500000000004,-1.215,-14
1764425661.6535096,0.1612890625,0.03,-0.316640625,-0.917,-8
1764425661.663512,0.15910156250000002,0.02,-0.235390625,-0.843,13
1764425661.6735208,0.1580078125,0.02,-0.1369921875,-0.441,13
1764425661.6835117,0.1577734375,0.02,-0.0919140625,-0.374,22
1764425661.6935124,0.15796875,0.02,-0.0073437500000000005,-0.017,21
1764425661.7035115,0.1586328125,0.02,0.043984375,0.151,55
1764425661.713512,0.1594921875,0.02,0.077421875,0.191,64
1764425661.7235105,0.1612109375,0.03,0.1580078125,0.431,67
1764425661.733511,0.1643359375,0.04,0.2816796875,0.798,76
1764425661.7435122,0.166328125,0.04,0.340078125,0.859,91
1764425661.7535124,0.17347656250000001,0.06,0.4712109375,1.373,88
1764425661.763513,0.17933593750000001,0.08,0.565078125,1.57,97
1764425661.7735124,0.1858984375,0.1,0.635390625,1.696,103
1764425661.783516,0.19300781250000001,0.12,0.6940234375000001,2.035,90
1764425661.7935085,0.196796875,0.13,0.7258984375,2.091,93
1764425661.8035083,0.2087890625,0.16,0.7928906250000001,2.141,102
1764425661.813508,0.216796875,0.19,0.799765625,2.223,88
1764425661.8235085,0.220859375,0.2,0.8061328125,2.185,90
1764425661.8335078,0.2331640625,0.23,0.8107421875,2.267,73
1764425661.843509,0.237109375,0.24,0.7998828125,2.361,51
1764425661.853509,0.24851562500000002,0.28,0.75234375,2.174,28
1764425661.8635085,0.2549609375,0.29,0.6607421875,1.771,28
1764425661.8735194,0.25984375,0.31,0.5206640625,1.44,3
1764425661.8835204,0.261640625,0.31,0.44,1.18,0
1764425661.893521,0.2652734375,0.32,0.236640625,0.723,-22
1764425661.9035244,0.2660546875,0.33,0.11191406250000001,0.411,-35
1764425661.9135237,0.265859375,0.33,0.0084375,0.103,-41
1764425661.9229443,0.2648828125,0.32,-0.076015625,-0.128,-73
1764425661.932528,0.2630859375,0.32,-0.159609375,-0.262,-83
1764425661.941933,0.2601953125,0.31,-0.2684375,-0.679,-82
1764425661.9515278,0.255546875,0.3,-0.42453125,-1.013,-94
1764425661.9615285,0.2498046875,0.29,-0.5416796875000001,-1.327,-100
1764425661.9715152,0.243125,0.27,-0.6412890625000001,-1.559,-104
1764425661.9819336,0.2357421875,0.25,-0.71890625,-1.77,-105
1764425661.9915154,0.2277734375,0.23,-0.7812890625,-1.9,-106
1764425662.0025141,0.2192578125,0.21,-0.8359375,-2.239,-98
1764425662.0119343,0.2148046875,0.2,-0.86328125,-2.193,-103
1764425662.0215142,0.2012890625,0.16,-0.8891796875,-2.383,-91
1764425662.030933,0.1924609375,0.14,-0.8824609375,-2.513,-80
1764425662.0405128,0.1838671875,0.11,-0.8632031250000001,-2.392,-75
1764425662.0519345,0.17597656250000002,0.09,-0.805625,-2.362,-60
1764425662.0615115,0.168671875,0.07,-0.746328125,-2.048,-58
1764425662.0725133,0.1621875,0.05,-0.6670703125,-1.893,-44
1764425662.0819569,0.1566796875,0.04,-0.5769140625,-1.47,-43
1764425662.092522,0.1520703125,0.02,-0.4840625,-1.365,-23
1764425662.1029353,0.150078125,0.02,-0.44125000000000003,-1.296,-18
1764425662.1129332,0.1451171875,0.01,-0.3246875,-0.891,-10
1764425662.122932,0.1440234375,0.0,-0.27171875,-0.752,-2
1764425662.1329334,0.1419140625,-0.0,-0.1384765625,-0.401,11
1764425662.142933,0.1415625,-0.0,-0.05609375,-0.177,19
1764425662.1529336,0.14171875,-0.0,-0.0003515625,0.109,15
1764425662.1629343,0.1421875,-0.0,0.03703125,0.027,63
1764425662.1729333,0.1429296875,0.0,0.0658984375,0.237,56
1764425662.1829352,0.1446484375,0.0,0.1590625,0.443,71
1764425662.1929355,0.147734375,0.01,0.27609375,0.724,84
1764425662.2035153,0.1516796875,0.02,0.3717578125,1.101,83
1764425662.2135146,0.1566796875,0.04,0.4757421875,1.349,91
1764425662.2235157,0.162578125,0.06,0.5642578125000001,1.718,84
1764425662.2335155,0.1658203125,0.07,0.606328125,1.779,91
1764425662.2435148,0.17625,0.1,0.68515625,2.025,88
1764425662.253515,0.1834375,0.12,0.7123046875,2.04,91
1764425662.2635143,0.19078125,0.14,0.7288671875,1.967,96
1764425662.273515,0.198125,0.16,0.7349609375,1.949,94
1764425662.2835164,0.2058203125,0.18,0.761875,2.098,85
1764425662.2935166,0.2098046875,0.19,0.779375,2.123,85
1764425662.3035152,0.22171875,0.22,0.7839453125,2.183,69
1764425662.3135178,0.2293359375,0.24,0.7662890625000001,2.156,54
1764425662.3235157,0.2363671875,0.26,0.713046875,1.996,38
1764425662.3335145,0.2425,0.28,0.6314062500000001,1.88,15
1764425662.3435159,0.24515625,0.29,0.581328125,1.553,17
1764425662.3535166,0.249453125,0.3,0.455859375,1.155,7
1764425662.3635163,0.2530078125,0.31,0.2425390625,0.72,-19
1764425662.3735175,0.2542578125,0.31,0.148515625,0.257,-16
1764425662.382959,0.2543359375,0.31,0.0332421875,0.141,-32
1764425662.3925276,0.2540234375,0.31,-0.0146484375,-0.083,-62
1764425662.4019356,0.25265625,0.31,-0.090703125,-0.087,-76
1764425662.4119365,0.2503515625,0.3,-0.20625000000000002,-0.482,-77
1764425662.421518,0.24628906250000002,0.29,-0.3640625,-0.811,-90
1764425662.430936,0.241171875,0.28,-0.4796875,-1.2,-92
1764425662.440936,0.235234375,0.27,-0.5691406250000001,-1.45,-96
1764425662.4505167,0.2284765625,0.25,-0.6520703125,-1.743,-95
1764425662.461518,0.2210546875,0.23,-0.7235546875,-1.97,-94
1764425662.471518,0.2132421875,0.21,-0.7687890625,-2.026,-96
1764425662.4815164,0.2051171875,0.18,-0.8015625000000001,-2.194,-87
1764425662.4909372,0.20109375000000002,0.17,-0.803125,-2.171,-87
1764425662.5019372,0.189140625,0.14,-0.7878906250000001,-2.342,-70
1764425662.5115192,0.1852734375,0.13,-0.7806640625,-2.245,-70
1764425662.5215173,0.1743359375,0.1,-0.7196484375,-2.006,-62
1764425662.5315173,0.167734375,0.08,-0.672109375,-1.882,-54
1764425662.541519,0.16175781250000001,0.06,-0.6113671875,-1.851,-38
1764425662.5519373,0.15910156250000002,0.05,-0.571328125,-1.693,-34
1764425662.56194,0.152421875,0.03,-0.4376171875,-1.285,-20
1764425662.5725172,0.150703125,0.03,-0.390703125,-1.103,-19
1764425662.5825164,0.1477734375,0.02,-0.30859375,-0.889,-9
1764425662.5935197,0.1449609375,0.02,-0.188984375,-0.341,-11
1764425662.6035252,0.1440234375,0.01,-0.1136328125,-0.392,14
1764425662.6135278,0.1437109375,0.01,-0.0880859375,-0.196,8
1764425662.6235182,0.1436328125,0.01,-0.0022265625000000002,-0.063,23
1764425662.6339595,0.143984375,0.01,0.02484375,0.138,48
1764425662.6439486,0.1444140625,0.01,0.0413671875,0.034,60
1764425662.6539483,0.1455859375,0.01,0.10800781250000001,0.239,67
1764425662.6639473,0.14667968750000002,0.02,0.163359375,0.426,66
1764425662.6739478,0.15171875,0.03,0.331953125,0.859,85
1764425662.6839423,0.1560546875,0.04,0.41304687500000004,1.288,75
1764425662.6939373,0.16109375,0.06,0.49,1.549,72
1764425662.7039375,0.16398437500000002,0.07,0.5340625,1.542,85
1764425662.7139523,0.17304687500000002,0.09,0.593125,1.727,85
1764425662.7239497,0.17609375,0.1,0.6012500000000001,1.784,80
1764425662.7345176,0.18253906250000002,0.12,0.628828125,1.827,79
1764425662.744521,0.1926171875,0.15,0.6616015625,1.686,93
1764425662.7545178,0.19921875,0.17,0.65953125,1.802,76
1764425662.7645168,0.20609375,0.18,0.6844140625,1.831,81
1764425662.77452,0.2132421875,0.2,0.70625,1.838,82
1764425662.7845201,0.22015625,0.22,0.6941406250000001,1.917,59
1764425662.7945178,0.22359375,0.23,0.6908203125,1.879,57
1764425662.8045404,0.2335546875,0.26,0.6488671875,1.884,26
1764425662.814528,0.23917968750000002,0.28,0.5801953125,1.698,12
1764425662.8245268,0.24375,0.29,0.4751171875,1.268,8
1764425662.8345284,0.246796875,0.3,0.3375390625,1.007,-10
1764425662.8445385,0.2484765625,0.3,0.203515625,0.635,-19
1764425662.8545177,0.24894531250000002,0.3,0.0762890625,0.159,-22
1764425662.864528,0.24859375,0.3,-0.010234375,-0.114,-57
1764425662.8739507,0.247734375,0.3,-0.06894531250000001,-0.182,-65
1764425662.883528,0.24601562500000002,0.3,-0.15785156250000001,-0.276,-78
1764425662.892941,0.2430078125,0.29,-0.27382812500000003,-0.682,-79
1764425662.9025295,0.24109375,0.29,-0.3283203125,-0.801,-85
1764425662.911951,0.23359375000000002,0.27,-0.49125,-1.327,-88
1764425662.9215367,0.22765625,0.25,-0.57203125,-1.482,-91
1764425662.9329522,0.2210546875,0.23,-0.6410546875,-1.751,-88
1764425662.9425354,0.2175390625,0.22,-0.6720703125,-1.796,-89
1764425662.9519553,0.20640625,0.19,-0.7344140625,-1.95,-88
1764425662.9615352,0.19890625,0.17,-0.74609375,-2.098,-79
1764425662.970953,0.1914453125,0.15,-0.7451171875,-2.135,-73
1764425662.981952,0.18421875000000001,0.13,-0.7273046875,-1.991,-71
1764425662.9915354,0.1774609375,0.11,-0.6876953125,-1.955,-60
1764425663.0025206,0.1709765625,0.09,-0.6562890625,-1.869,-53
1764425663.011942,0.1650390625,0.08,-0.607421875,-1.618,-53
1764425663.0229409,0.159921875,0.06,-0.53078125,-1.402,-42
1764425663.0329428,0.1553515625,0.05,-0.4725390625,-1.347,-30
1764425663.0429423,0.15058593750000002,0.03,-0.46773437500000004,-1.334,-25
1764425663.052522,0.1484375,0.03,-0.4487109375,-1.281,-24
1764425663.0625203,0.14390625,0.02,-0.3021875,-0.812,-13
1764425663.0725236,0.1428125,0.01,-0.26046875,-0.713,-5
1764425663.0825222,0.14109375,0.01,-0.1881640625,-0.562,3
1764425663.092532,0.139765625,0.0,-0.08796875,-0.339,20
1764425663.1025217,0.1397265625,0.0,-0.0219921875,-0.085,21
1764425663.1125236,0.1398828125,0.0,0.004609375,-0.042,57
1764425663.1225214,0.1408984375,0.0,0.0640625,0.186,59
1764425663.132523,0.1426171875,0.01,0.156640625,0.43,66
1764425663.1425214,0.1457421875,0.02,0.279375,0.721,80
1764425663.1525333,0.14765625000000002,0.02,0.33109375,0.974,78
1764425663.1625218,0.15203125,0.04,0.4128515625,1.164,83
1764425663.172521,0.1573046875,0.05,0.4996875,1.441,87
1764425663.1825333,0.1662890625,0.08,0.5956640625,1.714,88
1764425663.192523,0.17296875,0.1,0.6528125,1.809,94
1764425663.202523,0.1800390625,0.12,0.694453125,1.986,87
1764425663.2129426,0.183671875,0.12,0.7105078125000001,1.914,100
1764425663.2229416,0.1948828125,0.15,0.737265625,2.042,90
1764425663.2329433,0.202578125,0.17,0.766328125,1.968,100
1764425663.2429435,0.210546875,0.2,0.7892578125,2.179,78
1764425663.2529416,0.2187109375,0.22,0.8125390625,2.156,82
1764425663.2629416,0.226640625,0.24,0.79296875,2.226,55
1764425663.2729428,0.233984375,0.26,0.7470703125,2.167,34
1764425663.2829642,0.24046875,0.28,0.6652734375,1.846,24
1764425663.2935305,0.24546875,0.3,0.533515625,1.612,0
1764425663.3035326,0.248984375,0.31,0.38921875,1.17,-12
1764425663.313546,0.2509765625,0.31,0.23402343750000001,0.599,-15
1764425663.3239443,0.2512890625,0.31,0.0721875,0.15,-26
1764425663.3335216,0.2507421875,0.31,-0.024921875,-0.116,-63
1764425663.3429446,0.2503515625,0.31,-0.0515234375,-0.058,-70
1764425663.3525362,0.2490234375,0.31,-0.11640625,-0.168,-78
1764425663.3625324,0.2441015625,0.3,-0.325078125,-0.788,-87
1764425663.3719552,0.239375,0.29,-0.4406640625,-1.041,-95
1764425663.3815212,0.2337109375,0.27,-0.5398437500000001,-1.334,-96
1764425663.3909466,0.2305078125,0.27,-0.590234375,-1.434,-102
1764425663.4005215,0.2198046875,0.24,-0.7066015625000001,-1.943,-95
1764425663.411944,0.2117578125,0.22,-0.7840625,-2.02,-102
1764425663.4215205,0.2034375,0.19,-0.821015625,-2.192,-94
1764425663.4319432,0.199296875,0.18,-0.8245703125,-2.323,-88
1764425663.4415228,0.1867578125,0.15,-0.8257421875000001,-2.246,-85
1764425663.4525259,0.17863281250000002,0.12,-0.8138671875,-2.326,-72
1764425663.4619455,0.17078125,0.1,-0.7913671875,-2.039,-75
1764425663.4715247,0.1634375,0.08,-0.7427734375,-2.044,-62
1764425663.4809442,0.15671875,0.07,-0.68765625,-1.738,-62
1764425663.490526,0.1536328125,0.06,-0.652421875,-1.636,-57
1764425663.501944,0.1451953125,0.04,-0.563984375,-1.393,-46
1764425663.5115263,0.1401171875,0.02,-0.5198828125,-1.345,-35
1764425663.522525,0.135625,0.01,-0.4639453125,-1.257,-25
1764425663.5325239,0.131875,0.0,-0.3933203125,-1.158,-13
1764425663.5425243,0.128984375,-0.01,-0.3112109375,-0.826,-9
1764425663.5525224,0.127890625,-0.01,-0.265,-0.873,5
1764425663.5625222,0.1259375,-0.02,-0.12980468750000002,-0.454,18
1764425663.5725243,0.125859375,-0.02,-0.0324609375,-0.114,22
1764425663.5825238,0.1263671875,-0.02,0.032890625,0.125,55
1764425663.5935242,0.1273046875,-0.01,0.0805078125,0.261,56
1764425663.6039665,0.128046875,-0.01,0.114453125,0.284,65
1764425663.6145332,0.130546875,-0.0,0.2219921875,0.685,65
1764425663.624955,0.1358203125,0.01,0.35097656250000003,1.044,77
1764425663.6355438,0.140234375,0.03,0.41976562500000003,1.258,75
1764425663.646522,0.1451953125,0.04,0.4819140625,1.312,90
1764425663.6569426,0.1506640625,0.06,0.532578125,1.708,68
1764425663.667521,0.15351562500000002,0.07,0.5514453125000001,1.621,78
1764425663.6779451,0.1596875,0.08,0.5987890625,1.786,79
1764425663.688414,0.1690625,0.11,0.6129296875,1.834,70
1764425663.6989448,0.17542968750000001,0.13,0.6317578125,1.762,76
1764425663.7095792,0.181796875,0.15,0.6364453125,1.668,80
1764425663.7205257,0.19398437500000001,0.18,0.609609375,1.562,71
1764425663.7315207,0.2001953125,0.19,0.6191796875,1.541,75
1764425663.7419455,0.20640625,0.21,0.6216015625,1.689,51
1764425663.7525256,0.212578125,0.23,0.61828125,1.573,52
1764425663.7629662,0.2181640625,0.24,0.5666796875,1.544,32
1764425663.7739475,0.22296875,0.25,0.4991015625,1.383,21
1764425663.7849479,0.226953125,0.27,0.41578125,1.189,5
1764425663.7955422,0.22984375,0.28,0.3129296875,0.988,-9
1764425663.805526,0.230859375,0.28,0.258046875,0.801,-11
1764425663.8155253,0.231875,0.29,0.0664453125,0.445,-35
1764425663.8255162,0.23164062500000002,0.29,-0.0029296875,0.111,-65
1764425663.8355265,0.23093750000000002,0.29,-0.0612890625,0.028,-72
1764425663.845527,0.2290234375,0.28,-0.1715625,-0.223,-78
1764425663.855527,0.2254296875,0.27,-0.320234375,-0.746,-81
1764425663.8655272,0.2207421875,0.26,-0.4375,-1.184,-83
1764425663.875527,0.215078125,0.25,-0.5390625,-1.37,-92
1764425663.885583,0.21203125,0.24,-0.57421875,-1.605,-86
1764425663.8955271,0.20207031250000002,0.21,-0.658671875,-1.658,-92
1764425663.9055274,0.195,0.19,-0.6959375,-1.795,-89
1764425663.9155276,0.1878125,0.17,-0.713046875,-1.906,-83
1764425663.925528,0.1802734375,0.15,-0.7446484375,-2.01,-80
1764425663.9355292,0.17277343750000002,0.13,-0.748671875,-1.883,-82
1764425663.9455283,0.1653515625,0.12,-0.7418359375,-1.851,-81
1764425663.9555287,0.1583203125,0.1,-0.710859375,-1.613,-80
1764425663.9655266,0.1514453125,0.08,-0.6913671875,-1.631,-71
1764425663.9755447,0.144609375,0.07,-0.6865234375,-1.788,-63
1764425663.9859486,0.1380078125,0.05,-0.663828125,-1.828,-52
1764425663.9959533,0.13171875,0.03,-0.632734375,-1.914,-37
1764425664.0059447,0.1287890625,0.02,-0.6093359375,-1.877,-32
1764425664.0165257,0.12125,-0.0,-0.4931640625,-1.577,-17
1764425664.0269477,0.1192578125,-0.01,-0.44578125,-1.555,-4
1764425664.037557,0.1137109375,-0.03,-0.343828125,-1.192,6
1764425664.0479486,0.1124609375,-0.04,-0.2969140625,-1.056,13
1764425664.0585282,0.10953125,-0.04,-0.1796875,-0.554,12
1764425664.0689487,0.10933593750000001,-0.05,-0.052734375,-0.369,39
1764425664.0795271,0.10968750000000001,-0.05,0.014140625,-0.015,64
1764425664.0905488,0.11015625,-0.05,0.0387109375,-0.004,71
1764425664.1009507,0.1141796875,-0.04,0.2441015625,0.537,93
1764425664.1115258,0.11609375,-0.03,0.3134765625,0.729,97
1764425664.1219509,0.1238671875,-0.01,0.5176953125,1.395,106
1764425664.1325285,0.1307421875,0.01,0.6508984375,1.883,105
1764425664.1429515,0.1344921875,0.02,0.70046875,2.015,108
1764425664.1535292,0.146953125,0.06,0.818984375,2.399,105
1764425664.163951,0.15578125,0.08,0.8688281250000001,2.517,107
1764425664.174528,0.16484375,0.11,0.896875,2.7,91
1764425664.184952,0.1741015625,0.14,0.917578125,2.823,76
1764425664.1955295,0.17875,0.15,0.9236328125000001,2.792,78
1764425664.205954,0.1915234375,0.19,0.8371484375,2.65,47
1764425664.2165275,0.19890625,0.22,0.758125,2.35,34
1764425664.226942,0.20554687500000002,0.24,0.675859375,2.045,25
1764425664.2375307,0.2108203125,0.25,0.5556640625,1.508,24
1764425664.2479508,0.2146484375,0.26,0.418203125,1.067,13
1764425664.2585557,0.21742187500000001,0.27,0.3076953125,0.574,11
1764425664.2689505,0.2194140625,0.27,0.2214453125,0.45,-1
1764425664.2795293,0.22015625,0.27,0.1849609375,0.379,-5
1764425664.2899728,0.2212890625,0.27,0.0778125,0.162,-16
1764425664.3005414,0.2212890625,0.27,0.0175,0.041,-22
1764425664.3105426,0.2206640625,0.28,-0.0389453125,0.041,-67
1764425664.3209715,0.2196875,0.28,-0.08589843750000001,0.01,-74
1764425664.330966,0.2186328125,0.27,-0.1484375,-0.148,-76
1764425664.3415406,0.212890625,0.26,-0.3798828125,-0.747,-91
1764425664.351541,0.2076171875,0.25,-0.4973046875,-1.03,-99
1764425664.3619502,0.2046484375,0.25,-0.545546875,-1.282,-98
1764425664.3719501,0.19453125000000002,0.22,-0.669765625,-1.694,-97
1764425664.3825326,0.1868359375,0.2,-0.745546875,-1.958,-96
1764425664.392531,0.178828125,0.18,-0.789921875,-2.023,-97
1764425664.4025319,0.17054687500000001,0.16,-0.8205078125,-1.963,-101
1764425664.4125302,0.1621875,0.14,-0.8320703125,-2.101,-94
1764425664.422531,0.1580078125,0.13,-0.8340234375,-2.125,-91
1764425664.4325309,0.1455078125,0.1,-0.8259375,-2.145,-83
1764425664.4425304,0.1373046875,0.07,-0.819765625,-2.377,-65
1764425664.4525313,0.1293359375,0.05,-0.800625,-2.435,-55
1764425664.4629521,0.1221484375,0.02,-0.733359375,-2.373,-36
1764425664.4735336,0.1190234375,0.01,-0.6791796875,-2.26,-28
1764425664.4845326,0.111484375,-0.01,-0.4950390625,-1.663,-12
1764425664.4949508,0.10800781250000001,-0.02,-0.37765625,-1.336,0
1764425664.505531,0.106640625,-0.03,-0.325546875,-1.128,4
1764425664.5159516,0.104609375,-0.04,-0.134453125,-0.525,20
1764425664.5265296,0.1044921875,-0.04,-0.039453125,-0.285,30
1764425664.5369735,0.10453125,-0.04,-0.0158203125,-0.142,28
1764425664.5475318,0.105390625,-0.04,0.0605078125,0.136,61
1764425664.5585284,0.10667968750000001,-0.03,0.1147265625,0.264,65
1764425664.5696423,0.1084375,-0.03,0.165390625,0.449,67
1764425664.5805314,0.115234375,-0.01,0.363359375,1.025,80
1764425664.5915306,0.119765625,0.0,0.434609375,1.253,83
1764425664.601954,0.12515625,0.02,0.5187890625,1.464,88
1764425664.612531,0.13125,0.04,0.5906250000000001,1.593,95
1764425664.622953,0.1344921875,0.05,0.61953125,1.87,79
1764425664.6335325,0.1450390625,0.08,0.7005078125,2.075,81
1764425664.643953,0.15226562500000002,0.1,0.7141796875,2.283,64
1764425664.6545322,0.1591796875,0.12,0.6961328125,2.105,65
1764425664.6649544,0.165859375,0.14,0.6701171875,2.06,54
1764425664.675532,0.1689453125,0.15,0.643671875,2.104,42
1764425664.6859548,0.1775,0.18,0.562890625,1.874,27
1764425664.695953,0.18,0.19,0.5314453125,1.857,18
1764425664.705953,0.186015625,0.21,0.3926171875,1.421,4
1764425664.7159548,0.18867187500000002,0.22,0.2876171875,1.276,-12
1764425664.7259538,0.19015625,0.23,0.17542968750000001,0.779,-16
1764425664.7359421,0.1905078125,0.23,0.1228515625,0.543,-16
1764425664.7459967,0.19035156250000002,0.23,0.015078125,0.136,-19
1764425664.7565467,0.189765625,0.23,-0.0411328125,-0.196,-46
1764425664.7665668,0.1890625,0.22,-0.0630078125,-0.279,-43
1764425664.7765434,0.1876171875,0.22,-0.1065234375,-0.265,-52
1764425664.7865427,0.18546875000000002,0.22,-0.190703125,-0.45,-61
1764425664.7965436,0.18281250000000002,0.21,-0.25078125,-0.573,-64
1764425664.806546,0.17953125,0.2,-0.3146484375,-0.757,-66
1764425664.8165424,0.17546875,0.19,-0.38921875,-0.803,-76
1764425664.8265426,0.1708984375,0.18,-0.4449609375,-1.121,-71
1764425664.8365316,0.165859375,0.17,-0.492109375,-1.124,-78
1764425664.8465343,0.16035156250000002,0.16,-0.5370703125,-1.278,-78
